freq,age,sex,indic_il,unit,geo\TIME_PERIOD	2023 
A,TOTAL,T,MED_E,EUR,AT	31443 
A,TOTAL,T,MED_E,EUR,BE	29015 
A,TOTAL,T,MED_E,EUR,BG	6523 
A,TOTAL,T,MED_E,EUR,CH	49328 
A,TOTAL,T,MED_E,EUR,CY	19246 
A,TOTAL,T,MED_E,EUR,CZ	13656 
A,TOTAL,T,MED_E,EUR,DE	26274 
A,TOTAL,T,MED_E,EUR,DK	33903 
A,TOTAL,T,MED_E,EUR,EA20	22492 
A,TOTAL,T,MED_E,EUR,EE	15128 
A,TOTAL,T,MED_E,EUR,EL	10050 
A,TOTAL,T,MED_E,EUR,ES	18316 
A,TOTAL,T,MED_E,EUR,EU27_2020	20290 
A,TOTAL,T,MED_E,EUR,FI	27346 
A,TOTAL,T,MED_E,EUR,FR	24179 
A,TOTAL,T,MED_E,EUR,HR	9873 b
A,TOTAL,T,MED_E,EUR,HU	7391 
A,TOTAL,T,MED_E,EUR,IE	30689 
A,TOTAL,T,MED_E,EUR,IT	19819 
A,TOTAL,T,MED_E,EUR,LT	11284 
A,TOTAL,T,MED_E,EUR,LU	47636 
A,TOTAL,T,MED_E,EUR,LV	11258 
A,TOTAL,T,MED_E,EUR,MK	3910 
A,TOTAL,T,MED_E,EUR,MT	18940 
A,TOTAL,T,MED_E,EUR,NL	29249 
A,TOTAL,T,MED_E,EUR,NO	41814 b
A,TOTAL,T,MED_E,EUR,PL	10048 
A,TOTAL,T,MED_E,EUR,PT	11824 
A,TOTAL,T,MED_E,EUR,RO	6568 
A,TOTAL,T,MED_E,EUR,RS	4955 
A,TOTAL,T,MED_E,EUR,SE	27250 
A,TOTAL,T,MED_E,EUR,SI	18053 
A,TOTAL,T,MED_E,EUR,SK	9214 
A,TOTAL,T,MED_E,EUR,TR	2957 
A,TOTAL,T,MED_E,NAC,AT	31443 
A,TOTAL,T,MED_E,NAC,BE	29015 
A,TOTAL,T,MED_E,NAC,BG	12758 
A,TOTAL,T,MED_E,NAC,CH	49560 
A,TOTAL,T,MED_E,NAC,CY	19246 
A,TOTAL,T,MED_E,NAC,CZ	335471 
A,TOTAL,T,MED_E,NAC,DE	26274 
A,TOTAL,T,MED_E,NAC,DK	252222 
A,TOTAL,T,MED_E,NAC,EE	15128 
A,TOTAL,T,MED_E,NAC,EL	10050 
A,TOTAL,T,MED_E,NAC,ES	18316 
A,TOTAL,T,MED_E,NAC,FI	27346 
A,TOTAL,T,MED_E,NAC,FR	24179 
A,TOTAL,T,MED_E,NAC,HR	9873 b
A,TOTAL,T,MED_E,NAC,HU	2892005 
A,TOTAL,T,MED_E,NAC,IE	30689 
A,TOTAL,T,MED_E,NAC,IT	19819 
A,TOTAL,T,MED_E,NAC,LT	11284 
A,TOTAL,T,MED_E,NAC,LU	47636 
A,TOTAL,T,MED_E,NAC,LV	11258 
A,TOTAL,T,MED_E,NAC,MK	240963 
A,TOTAL,T,MED_E,NAC,MT	18940 
A,TOTAL,T,MED_E,NAC,NL	29249 
A,TOTAL,T,MED_E,NAC,NO	422434 b
A,TOTAL,T,MED_E,NAC,PL	47084 
A,TOTAL,T,MED_E,NAC,PT	11824 
A,TOTAL,T,MED_E,NAC,RO	32388 
A,TOTAL,T,MED_E,NAC,RS	582000 
A,TOTAL,T,MED_E,NAC,SE	289655 
A,TOTAL,T,MED_E,NAC,SI	18053 
A,TOTAL,T,MED_E,NAC,SK	9214 
A,TOTAL,T,MED_E,NAC,TR	51475 
A,TOTAL,T,MED_E,PPS,AT	28690 
A,TOTAL,T,MED_E,PPS,BE	25150 
A,TOTAL,T,MED_E,PPS,BG	11155 
A,TOTAL,T,MED_E,PPS,CH	28247 
A,TOTAL,T,MED_E,PPS,CY	20917 
A,TOTAL,T,MED_E,PPS,CZ	16208 
A,TOTAL,T,MED_E,PPS,DE	24086 
A,TOTAL,T,MED_E,PPS,DK	22820 
A,TOTAL,T,MED_E,PPS,EA20	21138 
A,TOTAL,T,MED_E,PPS,EE	15492 
A,TOTAL,T,MED_E,PPS,EL	11389 
A,TOTAL,T,MED_E,PPS,ES	19021 
A,TOTAL,T,MED_E,PPS,EU27_2020	19903 
A,TOTAL,T,MED_E,PPS,FI	21691 
A,TOTAL,T,MED_E,PPS,FR	21875 
A,TOTAL,T,MED_E,PPS,HR	13438 b
A,TOTAL,T,MED_E,PPS,HU	10913 
A,TOTAL,T,MED_E,PPS,IE	21568 
A,TOTAL,T,MED_E,PPS,IT	19691 
A,TOTAL,T,MED_E,PPS,LT	14312 
A,TOTAL,T,MED_E,PPS,LU	34777 
A,TOTAL,T,MED_E,PPS,LV	13228 
A,TOTAL,T,MED_E,PPS,MK	7609 
A,TOTAL,T,MED_E,PPS,MT	21060 
A,TOTAL,T,MED_E,PPS,NL	25116 
A,TOTAL,T,MED_E,PPS,NO	29297 b
A,TOTAL,T,MED_E,PPS,PL	16551 
A,TOTAL,T,MED_E,PPS,PT	13421 
A,TOTAL,T,MED_E,PPS,RO	11084 
A,TOTAL,T,MED_E,PPS,RS	7752 
A,TOTAL,T,MED_E,PPS,SE	22290 
A,TOTAL,T,MED_E,PPS,SI	20273 
A,TOTAL,T,MED_E,PPS,SK	10670 
A,TOTAL,T,MED_E,PPS,TR	7100 
A,Y12-17,T,MED_E,EUR,AT	29070 
A,Y12-17,T,MED_E,EUR,BE	27181 
A,Y12-17,T,MED_E,EUR,BG	5727 
A,Y12-17,T,MED_E,EUR,CH	45686 
A,Y12-17,T,MED_E,EUR,CY	17272 
A,Y12-17,T,MED_E,EUR,CZ	13119 
A,Y12-17,T,MED_E,EUR,DE	24527 
A,Y12-17,T,MED_E,EUR,DK	35331 
A,Y12-17,T,MED_E,EUR,EA20	20119 
A,Y12-17,T,MED_E,EUR,EE	15629 
A,Y12-17,T,MED_E,EUR,EL	8888 
A,Y12-17,T,MED_E,EUR,ES	15093 
A,Y12-17,T,MED_E,EUR,EU27_2020	18195 
A,Y12-17,T,MED_E,EUR,FI	27416 
A,Y12-17,T,MED_E,EUR,FR	20913 
A,Y12-17,T,MED_E,EUR,HR	9281 b
A,Y12-17,T,MED_E,EUR,HU	7163 
A,Y12-17,T,MED_E,EUR,IE	26844 
A,Y12-17,T,MED_E,EUR,IT	16918 
A,Y12-17,T,MED_E,EUR,LT	10666 
A,Y12-17,T,MED_E,EUR,LU	36205 
A,Y12-17,T,MED_E,EUR,LV	11186 
A,Y12-17,T,MED_E,EUR,MK	3144 
A,Y12-17,T,MED_E,EUR,MT	15720 
A,Y12-17,T,MED_E,EUR,NL	27286 
A,Y12-17,T,MED_E,EUR,NO	38969 b
A,Y12-17,T,MED_E,EUR,PL	9362 
A,Y12-17,T,MED_E,EUR,PT	10931 
A,Y12-17,T,MED_E,EUR,RO	5667 
A,Y12-17,T,MED_E,EUR,RS	4371 
A,Y12-17,T,MED_E,EUR,SE	25762 
A,Y12-17,T,MED_E,EUR,SI	17347 
A,Y12-17,T,MED_E,EUR,SK	7905 
A,Y12-17,T,MED_E,EUR,TR	2344 
A,Y12-17,T,MED_E,NAC,AT	29070 
A,Y12-17,T,MED_E,NAC,BE	27181 
A,Y12-17,T,MED_E,NAC,BG	11201 
A,Y12-17,T,MED_E,NAC,CH	45901 
A,Y12-17,T,MED_E,NAC,CY	17272 
A,Y12-17,T,MED_E,NAC,CZ	322292 
A,Y12-17,T,MED_E,NAC,DE	24527 
A,Y12-17,T,MED_E,NAC,DK	262847 
A,Y12-17,T,MED_E,NAC,EE	15629 
A,Y12-17,T,MED_E,NAC,EL	8888 
A,Y12-17,T,MED_E,NAC,ES	15093 
A,Y12-17,T,MED_E,NAC,FI	27416 
A,Y12-17,T,MED_E,NAC,FR	20913 
A,Y12-17,T,MED_E,NAC,HR	9281 b
A,Y12-17,T,MED_E,NAC,HU	2802804 
A,Y12-17,T,MED_E,NAC,IE	26844 
A,Y12-17,T,MED_E,NAC,IT	16918 
A,Y12-17,T,MED_E,NAC,LT	10666 
A,Y12-17,T,MED_E,NAC,LU	36205 
A,Y12-17,T,MED_E,NAC,LV	11186 
A,Y12-17,T,MED_E,NAC,MK	193722 
A,Y12-17,T,MED_E,NAC,MT	15720 
A,Y12-17,T,MED_E,NAC,NL	27286 
A,Y12-17,T,MED_E,NAC,NO	393691 b
A,Y12-17,T,MED_E,NAC,PL	43870 
A,Y12-17,T,MED_E,NAC,PT	10931 
A,Y12-17,T,MED_E,NAC,RO	27945 
A,Y12-17,T,MED_E,NAC,RS	513360 
A,Y12-17,T,MED_E,NAC,SE	273842 
A,Y12-17,T,MED_E,NAC,SI	17347 
A,Y12-17,T,MED_E,NAC,SK	7905 
A,Y12-17,T,MED_E,NAC,TR	40806 
A,Y12-17,T,MED_E,PPS,AT	26525 
A,Y12-17,T,MED_E,PPS,BE	23560 
A,Y12-17,T,MED_E,PPS,BG	9793 
A,Y12-17,T,MED_E,PPS,CH	26162 
A,Y12-17,T,MED_E,PPS,CY	18772 
A,Y12-17,T,MED_E,PPS,CZ	15571 
A,Y12-17,T,MED_E,PPS,DE	22484 
A,Y12-17,T,MED_E,PPS,DK	23781 
A,Y12-17,T,MED_E,PPS,EA20	18815 
A,Y12-17,T,MED_E,PPS,EE	16006 
A,Y12-17,T,MED_E,PPS,EL	10071 
A,Y12-17,T,MED_E,PPS,ES	15674 
A,Y12-17,T,MED_E,PPS,EU27_2020	17789 
A,Y12-17,T,MED_E,PPS,FI	21747 
A,Y12-17,T,MED_E,PPS,FR	18921 
A,Y12-17,T,MED_E,PPS,HR	12633 b
A,Y12-17,T,MED_E,PPS,HU	10576 
A,Y12-17,T,MED_E,PPS,IE	18866 
A,Y12-17,T,MED_E,PPS,IT	16809 
A,Y12-17,T,MED_E,PPS,LT	13529 
A,Y12-17,T,MED_E,PPS,LU	26431 
A,Y12-17,T,MED_E,PPS,LV	13144 
A,Y12-17,T,MED_E,PPS,MK	6117 
A,Y12-17,T,MED_E,PPS,MT	17480 
A,Y12-17,T,MED_E,PPS,NL	23431 
A,Y12-17,T,MED_E,PPS,NO	27304 b
A,Y12-17,T,MED_E,PPS,PL	15421 
A,Y12-17,T,MED_E,PPS,PT	12408 
A,Y12-17,T,MED_E,PPS,RO	9564 
A,Y12-17,T,MED_E,PPS,RS	6838 
A,Y12-17,T,MED_E,PPS,SE	21073 
A,Y12-17,T,MED_E,PPS,SI	19480 
A,Y12-17,T,MED_E,PPS,SK	9154 
A,Y12-17,T,MED_E,PPS,TR	5629 
A,Y16-24,T,MED_E,EUR,AT	31477 
A,Y16-24,T,MED_E,EUR,BE	28722 
A,Y16-24,T,MED_E,EUR,BG	6303 
A,Y16-24,T,MED_E,EUR,CH	48740 
A,Y16-24,T,MED_E,EUR,CY	19095 
A,Y16-24,T,MED_E,EUR,CZ	13119 
A,Y16-24,T,MED_E,EUR,DE	23792 
A,Y16-24,T,MED_E,EUR,DK	29241 
A,Y16-24,T,MED_E,EUR,EA20	20852 
A,Y16-24,T,MED_E,EUR,EE	14945 
A,Y16-24,T,MED_E,EUR,EL	8626 
A,Y16-24,T,MED_E,EUR,ES	16472 
A,Y16-24,T,MED_E,EUR,EU27_2020	18899 
A,Y16-24,T,MED_E,EUR,FI	22334 
A,Y16-24,T,MED_E,EUR,FR	21796 
A,Y16-24,T,MED_E,EUR,HR	9899 b
A,Y16-24,T,MED_E,EUR,HU	7229 
A,Y16-24,T,MED_E,EUR,IE	29291 
A,Y16-24,T,MED_E,EUR,IT	18715 
A,Y16-24,T,MED_E,EUR,LT	10998 
A,Y16-24,T,MED_E,EUR,LU	38921 
A,Y16-24,T,MED_E,EUR,LV	11186 
A,Y16-24,T,MED_E,EUR,MK	3494 
A,Y16-24,T,MED_E,EUR,MT	19516 
A,Y16-24,T,MED_E,EUR,NL	26999 
A,Y16-24,T,MED_E,EUR,NO	36306 b
A,Y16-24,T,MED_E,EUR,PL	9206 
A,Y16-24,T,MED_E,EUR,PT	11274 
A,Y16-24,T,MED_E,EUR,RO	5814 
A,Y16-24,T,MED_E,EUR,RS	4749 
A,Y16-24,T,MED_E,EUR,SE	23592 
A,Y16-24,T,MED_E,EUR,SI	18351 
A,Y16-24,T,MED_E,EUR,SK	8352 
A,Y16-24,T,MED_E,EUR,TR	2770 
A,Y16-24,T,MED_E,NAC,AT	31477 
A,Y16-24,T,MED_E,NAC,BE	28722 
A,Y16-24,T,MED_E,NAC,BG	12327 
A,Y16-24,T,MED_E,NAC,CH	48969 
A,Y16-24,T,MED_E,NAC,CY	19095 
A,Y16-24,T,MED_E,NAC,CZ	322292 
A,Y16-24,T,MED_E,NAC,DE	23792 
A,Y16-24,T,MED_E,NAC,DK	217541 
A,Y16-24,T,MED_E,NAC,EE	14945 
A,Y16-24,T,MED_E,NAC,EL	8626 
A,Y16-24,T,MED_E,NAC,ES	16472 
A,Y16-24,T,MED_E,NAC,FI	22334 
A,Y16-24,T,MED_E,NAC,FR	21796 
A,Y16-24,T,MED_E,NAC,HR	9899 b
A,Y16-24,T,MED_E,NAC,HU	2828666 
A,Y16-24,T,MED_E,NAC,IE	29291 
A,Y16-24,T,MED_E,NAC,IT	18715 
A,Y16-24,T,MED_E,NAC,LT	10998 
A,Y16-24,T,MED_E,NAC,LU	38921 
A,Y16-24,T,MED_E,NAC,LV	11186 
A,Y16-24,T,MED_E,NAC,MK	215280 
A,Y16-24,T,MED_E,NAC,MT	19516 
A,Y16-24,T,MED_E,NAC,NL	26999 
A,Y16-24,T,MED_E,NAC,NO	366785 b
A,Y16-24,T,MED_E,NAC,PL	43142 
A,Y16-24,T,MED_E,NAC,PT	11274 
A,Y16-24,T,MED_E,NAC,RO	28672 
A,Y16-24,T,MED_E,NAC,RS	557867 
A,Y16-24,T,MED_E,NAC,SE	250778 
A,Y16-24,T,MED_E,NAC,SI	18351 
A,Y16-24,T,MED_E,NAC,SK	8352 
A,Y16-24,T,MED_E,NAC,TR	48218 
A,Y16-24,T,MED_E,PPS,AT	28721 
A,Y16-24,T,MED_E,PPS,BE	24896 
A,Y16-24,T,MED_E,PPS,BG	10778 
A,Y16-24,T,MED_E,PPS,CH	27910 
A,Y16-24,T,MED_E,PPS,CY	20753 
A,Y16-24,T,MED_E,PPS,CZ	15571 
A,Y16-24,T,MED_E,PPS,DE	21810 
A,Y16-24,T,MED_E,PPS,DK	19682 
A,Y16-24,T,MED_E,PPS,EA20	19527 
A,Y16-24,T,MED_E,PPS,EE	15306 
A,Y16-24,T,MED_E,PPS,EL	9775 
A,Y16-24,T,MED_E,PPS,ES	17106 
A,Y16-24,T,MED_E,PPS,EU27_2020	18400 
A,Y16-24,T,MED_E,PPS,FI	17716 
A,Y16-24,T,MED_E,PPS,FR	19719 
A,Y16-24,T,MED_E,PPS,HR	13473 b
A,Y16-24,T,MED_E,PPS,HU	10674 
A,Y16-24,T,MED_E,PPS,IE	20586 
A,Y16-24,T,MED_E,PPS,IT	18594 
A,Y16-24,T,MED_E,PPS,LT	13950 
A,Y16-24,T,MED_E,PPS,LU	28414 
A,Y16-24,T,MED_E,PPS,LV	13144 
A,Y16-24,T,MED_E,PPS,MK	6798 
A,Y16-24,T,MED_E,PPS,MT	21700 
A,Y16-24,T,MED_E,PPS,NL	23184 
A,Y16-24,T,MED_E,PPS,NO	25438 b
A,Y16-24,T,MED_E,PPS,PL	15165 
A,Y16-24,T,MED_E,PPS,PT	12797 
A,Y16-24,T,MED_E,PPS,RO	9813 
A,Y16-24,T,MED_E,PPS,RS	7431 
A,Y16-24,T,MED_E,PPS,SE	19298 
A,Y16-24,T,MED_E,PPS,SI	20608 
A,Y16-24,T,MED_E,PPS,SK	9672 
A,Y16-24,T,MED_E,PPS,TR	6651 
A,Y16-64,T,MED_E,EUR,AT	33311 
A,Y16-64,T,MED_E,EUR,BE	30855 
A,Y16-64,T,MED_E,EUR,BG	7259 
A,Y16-64,T,MED_E,EUR,CH	53701 
A,Y16-64,T,MED_E,EUR,CY	20460 
A,Y16-64,T,MED_E,EUR,CZ	15001 
A,Y16-64,T,MED_E,EUR,DE	27979 
A,Y16-64,T,MED_E,EUR,DK	36320 
A,Y16-64,T,MED_E,EUR,EA20	23636 
A,Y16-64,T,MED_E,EUR,EE	16926 
A,Y16-64,T,MED_E,EUR,EL	10313 
A,Y16-64,T,MED_E,EUR,ES	18708 
A,Y16-64,T,MED_E,EUR,EU27_2020	21334 
A,Y16-64,T,MED_E,EUR,FI	29635 
A,Y16-64,T,MED_E,EUR,FR	25253 
A,Y16-64,T,MED_E,EUR,HR	10712 b
A,Y16-64,T,MED_E,EUR,HU	7490 
A,Y16-64,T,MED_E,EUR,IE	32327 
A,Y16-64,T,MED_E,EUR,IT	20578 
A,Y16-64,T,MED_E,EUR,LT	12624 
A,Y16-64,T,MED_E,EUR,LU	47927 
A,Y16-64,T,MED_E,EUR,LV	12158 
A,Y16-64,T,MED_E,EUR,MK	4072 
A,Y16-64,T,MED_E,EUR,MT	21215 
A,Y16-64,T,MED_E,EUR,NL	31451 
A,Y16-64,T,MED_E,EUR,NO	43812 b
A,Y16-64,T,MED_E,EUR,PL	10456 
A,Y16-64,T,MED_E,EUR,PT	12090 
A,Y16-64,T,MED_E,EUR,RO	6827 
A,Y16-64,T,MED_E,EUR,RS	5187 
A,Y16-64,T,MED_E,EUR,SE	29216 
A,Y16-64,T,MED_E,EUR,SI	18795 
A,Y16-64,T,MED_E,EUR,SK	9522 
A,Y16-64,T,MED_E,EUR,TR	3215 
A,Y16-64,T,MED_E,NAC,AT	33311 
A,Y16-64,T,MED_E,NAC,BE	30855 
A,Y16-64,T,MED_E,NAC,BG	14196 
A,Y16-64,T,MED_E,NAC,CH	53954 
A,Y16-64,T,MED_E,NAC,CY	20460 
A,Y16-64,T,MED_E,NAC,CZ	368516 
A,Y16-64,T,MED_E,NAC,DE	27979 
A,Y16-64,T,MED_E,NAC,DK	270204 
A,Y16-64,T,MED_E,NAC,EE	16926 
A,Y16-64,T,MED_E,NAC,EL	10313 
A,Y16-64,T,MED_E,NAC,ES	18708 
A,Y16-64,T,MED_E,NAC,FI	29635 
A,Y16-64,T,MED_E,NAC,FR	25253 
A,Y16-64,T,MED_E,NAC,HR	10712 b
A,Y16-64,T,MED_E,NAC,HU	2930934 
A,Y16-64,T,MED_E,NAC,IE	32327 
A,Y16-64,T,MED_E,NAC,IT	20578 
A,Y16-64,T,MED_E,NAC,LT	12624 
A,Y16-64,T,MED_E,NAC,LU	47927 
A,Y16-64,T,MED_E,NAC,LV	12158 
A,Y16-64,T,MED_E,NAC,MK	250900 
A,Y16-64,T,MED_E,NAC,MT	21215 
A,Y16-64,T,MED_E,NAC,NL	31451 
A,Y16-64,T,MED_E,NAC,NO	442611 b
A,Y16-64,T,MED_E,NAC,PL	48999 
A,Y16-64,T,MED_E,NAC,PT	12090 
A,Y16-64,T,MED_E,NAC,RO	33667 
A,Y16-64,T,MED_E,NAC,RS	609267 
A,Y16-64,T,MED_E,NAC,SE	310549 
A,Y16-64,T,MED_E,NAC,SI	18795 
A,Y16-64,T,MED_E,NAC,SK	9522 
A,Y16-64,T,MED_E,NAC,TR	55972 
A,Y16-64,T,MED_E,PPS,AT	30395 
A,Y16-64,T,MED_E,PPS,BE	26745 
A,Y16-64,T,MED_E,PPS,BG	12412 
A,Y16-64,T,MED_E,PPS,CH	30752 
A,Y16-64,T,MED_E,PPS,CY	22236 
A,Y16-64,T,MED_E,PPS,CZ	17804 
A,Y16-64,T,MED_E,PPS,DE	25648 
A,Y16-64,T,MED_E,PPS,DK	24446 
A,Y16-64,T,MED_E,PPS,EA20	22208 
A,Y16-64,T,MED_E,PPS,EE	17334 
A,Y16-64,T,MED_E,PPS,EL	11687 
A,Y16-64,T,MED_E,PPS,ES	19428 
A,Y16-64,T,MED_E,PPS,EU27_2020	20924 
A,Y16-64,T,MED_E,PPS,FI	23507 
A,Y16-64,T,MED_E,PPS,FR	22847 
A,Y16-64,T,MED_E,PPS,HR	14579 b
A,Y16-64,T,MED_E,PPS,HU	11060 
A,Y16-64,T,MED_E,PPS,IE	22720 
A,Y16-64,T,MED_E,PPS,IT	20446 
A,Y16-64,T,MED_E,PPS,LT	16012 
A,Y16-64,T,MED_E,PPS,LU	34989 
A,Y16-64,T,MED_E,PPS,LV	14286 
A,Y16-64,T,MED_E,PPS,MK	7923 
A,Y16-64,T,MED_E,PPS,MT	23590 
A,Y16-64,T,MED_E,PPS,NL	27007 
A,Y16-64,T,MED_E,PPS,NO	30697 b
A,Y16-64,T,MED_E,PPS,PL	17224 
A,Y16-64,T,MED_E,PPS,PT	13723 
A,Y16-64,T,MED_E,PPS,RO	11522 
A,Y16-64,T,MED_E,PPS,RS	8116 
A,Y16-64,T,MED_E,PPS,SE	23897 
A,Y16-64,T,MED_E,PPS,SI	21107 
A,Y16-64,T,MED_E,PPS,SK	11027 
A,Y16-64,T,MED_E,PPS,TR	7721 
A,Y18-24,T,MED_E,EUR,AT	32020 
A,Y18-24,T,MED_E,EUR,BE	28975 
A,Y18-24,T,MED_E,EUR,BG	6570 
A,Y18-24,T,MED_E,EUR,CH	49663 
A,Y18-24,T,MED_E,EUR,CY	19850 
A,Y18-24,T,MED_E,EUR,CZ	13351 
A,Y18-24,T,MED_E,EUR,DE	23571 
A,Y18-24,T,MED_E,EUR,DK	27900 
A,Y18-24,T,MED_E,EUR,EA20	21107 
A,Y18-24,T,MED_E,EUR,EE	14853 
A,Y18-24,T,MED_E,EUR,EL	8733 
A,Y18-24,T,MED_E,EUR,ES	16933 
A,Y18-24,T,MED_E,EUR,EU27_2020	19111 
A,Y18-24,T,MED_E,EUR,FI	21009 
A,Y18-24,T,MED_E,EUR,FR	22282 
A,Y18-24,T,MED_E,EUR,HR	10275 b
A,Y18-24,T,MED_E,EUR,HU	7270 
A,Y18-24,T,MED_E,EUR,IE	29534 
A,Y18-24,T,MED_E,EUR,IT	19280 
A,Y18-24,T,MED_E,EUR,LT	11086 
A,Y18-24,T,MED_E,EUR,LU	38921 
A,Y18-24,T,MED_E,EUR,LV	11615 
A,Y18-24,T,MED_E,EUR,MK	3597 
A,Y18-24,T,MED_E,EUR,MT	19553 
A,Y18-24,T,MED_E,EUR,NL	27074 
A,Y18-24,T,MED_E,EUR,NO	33690 b
A,Y18-24,T,MED_E,EUR,PL	9245 
A,Y18-24,T,MED_E,EUR,PT	11532 
A,Y18-24,T,MED_E,EUR,RO	6002 
A,Y18-24,T,MED_E,EUR,RS	4901 
A,Y18-24,T,MED_E,EUR,SE	22760 
A,Y18-24,T,MED_E,EUR,SI	18808 
A,Y18-24,T,MED_E,EUR,SK	8723 
A,Y18-24,T,MED_E,EUR,TR	2912 
A,Y18-24,T,MED_E,NAC,AT	32020 
A,Y18-24,T,MED_E,NAC,BE	28975 
A,Y18-24,T,MED_E,NAC,BG	12849 
A,Y18-24,T,MED_E,NAC,CH	49897 
A,Y18-24,T,MED_E,NAC,CY	19850 
A,Y18-24,T,MED_E,NAC,CZ	327970 
A,Y18-24,T,MED_E,NAC,DE	23571 
A,Y18-24,T,MED_E,NAC,DK	207566 
A,Y18-24,T,MED_E,NAC,EE	14853 
A,Y18-24,T,MED_E,NAC,EL	8733 
A,Y18-24,T,MED_E,NAC,ES	16933 
A,Y18-24,T,MED_E,NAC,FI	21009 
A,Y18-24,T,MED_E,NAC,FR	22282 
A,Y18-24,T,MED_E,NAC,HR	10275 b
A,Y18-24,T,MED_E,NAC,HU	2844870 
A,Y18-24,T,MED_E,NAC,IE	29534 
A,Y18-24,T,MED_E,NAC,IT	19280 
A,Y18-24,T,MED_E,NAC,LT	11086 
A,Y18-24,T,MED_E,NAC,LU	38921 
A,Y18-24,T,MED_E,NAC,LV	11615 
A,Y18-24,T,MED_E,NAC,MK	221675 
A,Y18-24,T,MED_E,NAC,MT	19553 
A,Y18-24,T,MED_E,NAC,NL	27074 
A,Y18-24,T,MED_E,NAC,NO	340356 b
A,Y18-24,T,MED_E,NAC,PL	43322 
A,Y18-24,T,MED_E,NAC,PT	11532 
A,Y18-24,T,MED_E,NAC,RO	29598 
A,Y18-24,T,MED_E,NAC,RS	575618 
A,Y18-24,T,MED_E,NAC,SE	241926 
A,Y18-24,T,MED_E,NAC,SI	18808 
A,Y18-24,T,MED_E,NAC,SK	8723 
A,Y18-24,T,MED_E,NAC,TR	50700 
A,Y18-24,T,MED_E,PPS,AT	29216 
A,Y18-24,T,MED_E,PPS,BE	25116 
A,Y18-24,T,MED_E,PPS,BG	11234 
A,Y18-24,T,MED_E,PPS,CH	28439 
A,Y18-24,T,MED_E,PPS,CY	21573 
A,Y18-24,T,MED_E,PPS,CZ	15845 
A,Y18-24,T,MED_E,PPS,DE	21608 
A,Y18-24,T,MED_E,PPS,DK	18779 
A,Y18-24,T,MED_E,PPS,EA20	19780 
A,Y18-24,T,MED_E,PPS,EE	15211 
A,Y18-24,T,MED_E,PPS,EL	9897 
A,Y18-24,T,MED_E,PPS,ES	17585 
A,Y18-24,T,MED_E,PPS,EU27_2020	18618 
A,Y18-24,T,MED_E,PPS,FI	16665 
A,Y18-24,T,MED_E,PPS,FR	20160 
A,Y18-24,T,MED_E,PPS,HR	13986 b
A,Y18-24,T,MED_E,PPS,HU	10735 
A,Y18-24,T,MED_E,PPS,IE	20757 
A,Y18-24,T,MED_E,PPS,IT	19156 
A,Y18-24,T,MED_E,PPS,LT	14062 
A,Y18-24,T,MED_E,PPS,LU	28414 
A,Y18-24,T,MED_E,PPS,LV	13648 
A,Y18-24,T,MED_E,PPS,MK	7000 
A,Y18-24,T,MED_E,PPS,MT	21742 
A,Y18-24,T,MED_E,PPS,NL	23248 
A,Y18-24,T,MED_E,PPS,NO	23605 b
A,Y18-24,T,MED_E,PPS,PL	15228 
A,Y18-24,T,MED_E,PPS,PT	13090 
A,Y18-24,T,MED_E,PPS,RO	10130 
A,Y18-24,T,MED_E,PPS,RS	7667 
A,Y18-24,T,MED_E,PPS,SE	18617 
A,Y18-24,T,MED_E,PPS,SI	21122 
A,Y18-24,T,MED_E,PPS,SK	10102 
A,Y18-24,T,MED_E,PPS,TR	6993 
A,Y18-64,T,MED_E,EUR,AT	33371 
A,Y18-64,T,MED_E,EUR,BE	31055 
A,Y18-64,T,MED_E,EUR,BG	7318 
A,Y18-64,T,MED_E,EUR,CH	53963 
A,Y18-64,T,MED_E,EUR,CY	20599 
A,Y18-64,T,MED_E,EUR,CZ	15166 
A,Y18-64,T,MED_E,EUR,DE	28062 
A,Y18-64,T,MED_E,EUR,DK	36339 
A,Y18-64,T,MED_E,EUR,EA20	23757 
A,Y18-64,T,MED_E,EUR,EE	16944 
A,Y18-64,T,MED_E,EUR,EL	10437 
A,Y18-64,T,MED_E,EUR,ES	18820 
A,Y18-64,T,MED_E,EUR,EU27_2020	21444 
A,Y18-64,T,MED_E,EUR,FI	29758 
A,Y18-64,T,MED_E,EUR,FR	25457 
A,Y18-64,T,MED_E,EUR,HR	10780 b
A,Y18-64,T,MED_E,EUR,HU	7495 
A,Y18-64,T,MED_E,EUR,IE	32587 
A,Y18-64,T,MED_E,EUR,IT	20693 
A,Y18-64,T,MED_E,EUR,LT	12686 
A,Y18-64,T,MED_E,EUR,LU	48241 
A,Y18-64,T,MED_E,EUR,LV	12250 
A,Y18-64,T,MED_E,EUR,MK	4121 
A,Y18-64,T,MED_E,EUR,MT	21349 
A,Y18-64,T,MED_E,EUR,NL	31603 
A,Y18-64,T,MED_E,EUR,NO	44078 b
A,Y18-64,T,MED_E,EUR,PL	10538 
A,Y18-64,T,MED_E,EUR,PT	12170 
A,Y18-64,T,MED_E,EUR,RO	6888 
A,Y18-64,T,MED_E,EUR,RS	5215 
A,Y18-64,T,MED_E,EUR,SE	29381 
A,Y18-64,T,MED_E,EUR,SI	18860 
A,Y18-64,T,MED_E,EUR,SK	9626 
A,Y18-64,T,MED_E,EUR,TR	3256 
A,Y18-64,T,MED_E,NAC,AT	33371 
A,Y18-64,T,MED_E,NAC,BE	31055 
A,Y18-64,T,MED_E,NAC,BG	14313 
A,Y18-64,T,MED_E,NAC,CH	54217 
A,Y18-64,T,MED_E,NAC,CY	20599 
A,Y18-64,T,MED_E,NAC,CZ	372580 
A,Y18-64,T,MED_E,NAC,DE	28062 
A,Y18-64,T,MED_E,NAC,DK	270345 
A,Y18-64,T,MED_E,NAC,EE	16944 
A,Y18-64,T,MED_E,NAC,EL	10437 
A,Y18-64,T,MED_E,NAC,ES	18820 
A,Y18-64,T,MED_E,NAC,FI	29758 
A,Y18-64,T,MED_E,NAC,FR	25457 
A,Y18-64,T,MED_E,NAC,HR	10780 b
A,Y18-64,T,MED_E,NAC,HU	2932899 
A,Y18-64,T,MED_E,NAC,IE	32587 
A,Y18-64,T,MED_E,NAC,IT	20693 
A,Y18-64,T,MED_E,NAC,LT	12686 
A,Y18-64,T,MED_E,NAC,LU	48241 
A,Y18-64,T,MED_E,NAC,LV	12250 
A,Y18-64,T,MED_E,NAC,MK	253960 
A,Y18-64,T,MED_E,NAC,MT	21349 
A,Y18-64,T,MED_E,NAC,NL	31603 
A,Y18-64,T,MED_E,NAC,NO	445299 b
A,Y18-64,T,MED_E,NAC,PL	49382 
A,Y18-64,T,MED_E,NAC,PT	12170 
A,Y18-64,T,MED_E,NAC,RO	33968 
A,Y18-64,T,MED_E,NAC,RS	612600 
A,Y18-64,T,MED_E,NAC,SE	312305 
A,Y18-64,T,MED_E,NAC,SI	18860 
A,Y18-64,T,MED_E,NAC,SK	9626 
A,Y18-64,T,MED_E,NAC,TR	56684 
A,Y18-64,T,MED_E,PPS,AT	30449 
A,Y18-64,T,MED_E,PPS,BE	26919 
A,Y18-64,T,MED_E,PPS,BG	12514 
A,Y18-64,T,MED_E,PPS,CH	30902 
A,Y18-64,T,MED_E,PPS,CY	22388 
A,Y18-64,T,MED_E,PPS,CZ	18000 
A,Y18-64,T,MED_E,PPS,DE	25725 
A,Y18-64,T,MED_E,PPS,DK	24459 
A,Y18-64,T,MED_E,PPS,EA20	22327 
A,Y18-64,T,MED_E,PPS,EE	17352 
A,Y18-64,T,MED_E,PPS,EL	11827 
A,Y18-64,T,MED_E,PPS,ES	19545 
A,Y18-64,T,MED_E,PPS,EU27_2020	21041 
A,Y18-64,T,MED_E,PPS,FI	23605 
A,Y18-64,T,MED_E,PPS,FR	23032 
A,Y18-64,T,MED_E,PPS,HR	14673 b
A,Y18-64,T,MED_E,PPS,HU	11067 
A,Y18-64,T,MED_E,PPS,IE	22903 
A,Y18-64,T,MED_E,PPS,IT	20560 
A,Y18-64,T,MED_E,PPS,LT	16091 
A,Y18-64,T,MED_E,PPS,LU	35219 
A,Y18-64,T,MED_E,PPS,LV	14394 
A,Y18-64,T,MED_E,PPS,MK	8020 
A,Y18-64,T,MED_E,PPS,MT	23739 
A,Y18-64,T,MED_E,PPS,NL	27137 
A,Y18-64,T,MED_E,PPS,NO	30883 b
A,Y18-64,T,MED_E,PPS,PL	17358 
A,Y18-64,T,MED_E,PPS,PT	13814 
A,Y18-64,T,MED_E,PPS,RO	11625 
A,Y18-64,T,MED_E,PPS,RS	8160 
A,Y18-64,T,MED_E,PPS,SE	24032 
A,Y18-64,T,MED_E,PPS,SI	21180 
A,Y18-64,T,MED_E,PPS,SK	11147 
A,Y18-64,T,MED_E,PPS,TR	7819 
A,Y25-49,T,MED_E,EUR,AT	32512 
A,Y25-49,T,MED_E,EUR,BE	31759 
A,Y25-49,T,MED_E,EUR,BG	7182 
A,Y25-49,T,MED_E,EUR,CH	53331 
A,Y25-49,T,MED_E,EUR,CY	20430 
A,Y25-49,T,MED_E,EUR,CZ	15317 
A,Y25-49,T,MED_E,EUR,DE	28136 
A,Y25-49,T,MED_E,EUR,DK	35652 
A,Y25-49,T,MED_E,EUR,EA20	23726 
A,Y25-49,T,MED_E,EUR,EE	17921 
A,Y25-49,T,MED_E,EUR,EL	10565 
A,Y25-49,T,MED_E,EUR,ES	18762 
A,Y25-49,T,MED_E,EUR,EU27_2020	21285 
A,Y25-49,T,MED_E,EUR,FI	29914 
A,Y25-49,T,MED_E,EUR,FR	25443 
A,Y25-49,T,MED_E,EUR,HR	10978 b
A,Y25-49,T,MED_E,EUR,HU	7664 
A,Y25-49,T,MED_E,EUR,IE	33138 
A,Y25-49,T,MED_E,EUR,IT	20271 
A,Y25-49,T,MED_E,EUR,LT	13400 
A,Y25-49,T,MED_E,EUR,LU	49998 
A,Y25-49,T,MED_E,EUR,LV	13069 
A,Y25-49,T,MED_E,EUR,MK	4196 
A,Y25-49,T,MED_E,EUR,MT	21432 
A,Y25-49,T,MED_E,EUR,NL	32099 
A,Y25-49,T,MED_E,EUR,NO	42606 b
A,Y25-49,T,MED_E,EUR,PL	10850 
A,Y25-49,T,MED_E,EUR,PT	12368 
A,Y25-49,T,MED_E,EUR,RO	7154 
A,Y25-49,T,MED_E,EUR,RS	5493 
A,Y25-49,T,MED_E,EUR,SE	28511 
A,Y25-49,T,MED_E,EUR,SI	18836 
A,Y25-49,T,MED_E,EUR,SK	9409 
A,Y25-49,T,MED_E,EUR,TR	3251 
A,Y25-49,T,MED_E,NAC,AT	32512 
A,Y25-49,T,MED_E,NAC,BE	31759 
A,Y25-49,T,MED_E,NAC,BG	14046 
A,Y25-49,T,MED_E,NAC,CH	53582 
A,Y25-49,T,MED_E,NAC,CY	20430 
A,Y25-49,T,MED_E,NAC,CZ	376281 
A,Y25-49,T,MED_E,NAC,DE	28136 
A,Y25-49,T,MED_E,NAC,DK	265235 
A,Y25-49,T,MED_E,NAC,EE	17921 
A,Y25-49,T,MED_E,NAC,EL	10565 
A,Y25-49,T,MED_E,NAC,ES	18762 
A,Y25-49,T,MED_E,NAC,FI	29914 
A,Y25-49,T,MED_E,NAC,FR	25443 
A,Y25-49,T,MED_E,NAC,HR	10978 b
A,Y25-49,T,MED_E,NAC,HU	2998900 
A,Y25-49,T,MED_E,NAC,IE	33138 
A,Y25-49,T,MED_E,NAC,IT	20271 
A,Y25-49,T,MED_E,NAC,LT	13400 
A,Y25-49,T,MED_E,NAC,LU	49998 
A,Y25-49,T,MED_E,NAC,LV	13069 
A,Y25-49,T,MED_E,NAC,MK	258600 
A,Y25-49,T,MED_E,NAC,MT	21432 
A,Y25-49,T,MED_E,NAC,NL	32099 
A,Y25-49,T,MED_E,NAC,NO	430435 b
A,Y25-49,T,MED_E,NAC,PL	50843 
A,Y25-49,T,MED_E,NAC,PT	12368 
A,Y25-49,T,MED_E,NAC,RO	35278 
A,Y25-49,T,MED_E,NAC,RS	645217 
A,Y25-49,T,MED_E,NAC,SE	303065 
A,Y25-49,T,MED_E,NAC,SI	18836 
A,Y25-49,T,MED_E,NAC,SK	9409 
A,Y25-49,T,MED_E,NAC,TR	56597 
A,Y25-49,T,MED_E,PPS,AT	29665 
A,Y25-49,T,MED_E,PPS,BE	27529 
A,Y25-49,T,MED_E,PPS,BG	12281 
A,Y25-49,T,MED_E,PPS,CH	30540 
A,Y25-49,T,MED_E,PPS,CY	22204 
A,Y25-49,T,MED_E,PPS,CZ	18179 
A,Y25-49,T,MED_E,PPS,DE	25792 
A,Y25-49,T,MED_E,PPS,DK	23997 
A,Y25-49,T,MED_E,PPS,EA20	22289 
A,Y25-49,T,MED_E,PPS,EE	18353 
A,Y25-49,T,MED_E,PPS,EL	11972 
A,Y25-49,T,MED_E,PPS,ES	19485 
A,Y25-49,T,MED_E,PPS,EU27_2020	21001 
A,Y25-49,T,MED_E,PPS,FI	23728 
A,Y25-49,T,MED_E,PPS,FR	23019 
A,Y25-49,T,MED_E,PPS,HR	14941 b
A,Y25-49,T,MED_E,PPS,HU	11316 
A,Y25-49,T,MED_E,PPS,IE	23289 
A,Y25-49,T,MED_E,PPS,IT	20141 
A,Y25-49,T,MED_E,PPS,LT	16996 
A,Y25-49,T,MED_E,PPS,LU	36501 
A,Y25-49,T,MED_E,PPS,LV	15357 
A,Y25-49,T,MED_E,PPS,MK	8166 
A,Y25-49,T,MED_E,PPS,MT	23831 
A,Y25-49,T,MED_E,PPS,NL	27564 
A,Y25-49,T,MED_E,PPS,NO	29852 b
A,Y25-49,T,MED_E,PPS,PL	17872 
A,Y25-49,T,MED_E,PPS,PT	14039 
A,Y25-49,T,MED_E,PPS,RO	12073 
A,Y25-49,T,MED_E,PPS,RS	8594 
A,Y25-49,T,MED_E,PPS,SE	23322 
A,Y25-49,T,MED_E,PPS,SI	21153 
A,Y25-49,T,MED_E,PPS,SK	10896 
A,Y25-49,T,MED_E,PPS,TR	7807 
A,Y25-54,T,MED_E,EUR,AT	33209 
A,Y25-54,T,MED_E,EUR,BE	31688 
A,Y25-54,T,MED_E,EUR,BG	7291 
A,Y25-54,T,MED_E,EUR,CH	54033 
A,Y25-54,T,MED_E,EUR,CY	20668 
A,Y25-54,T,MED_E,EUR,CZ	15373 
A,Y25-54,T,MED_E,EUR,DE	28578 
A,Y25-54,T,MED_E,EUR,DK	36457 
A,Y25-54,T,MED_E,EUR,EA20	23874 
A,Y25-54,T,MED_E,EUR,EE	17769 
A,Y25-54,T,MED_E,EUR,EL	10548 
A,Y25-54,T,MED_E,EUR,ES	18760 
A,Y25-54,T,MED_E,EUR,EU27_2020	21454 
A,Y25-54,T,MED_E,EUR,FI	30349 
A,Y25-54,T,MED_E,EUR,FR	25664 
A,Y25-54,T,MED_E,EUR,HR	11001 b
A,Y25-54,T,MED_E,EUR,HU	7603 
A,Y25-54,T,MED_E,EUR,IE	32821 
A,Y25-54,T,MED_E,EUR,IT	20375 
A,Y25-54,T,MED_E,EUR,LT	13201 
A,Y25-54,T,MED_E,EUR,LU	49243 
A,Y25-54,T,MED_E,EUR,LV	12929 
A,Y25-54,T,MED_E,EUR,MK	4219 
A,Y25-54,T,MED_E,EUR,MT	21432 
A,Y25-54,T,MED_E,EUR,NL	32186 
A,Y25-54,T,MED_E,EUR,NO	43227 b
A,Y25-54,T,MED_E,EUR,PL	10829 
A,Y25-54,T,MED_E,EUR,PT	12283 
A,Y25-54,T,MED_E,EUR,RO	7139 
A,Y25-54,T,MED_E,EUR,RS	5420 
A,Y25-54,T,MED_E,EUR,SE	29098 
A,Y25-54,T,MED_E,EUR,SI	18999 
A,Y25-54,T,MED_E,EUR,SK	9548 
A,Y25-54,T,MED_E,EUR,TR	3289 
A,Y25-54,T,MED_E,NAC,AT	33209 
A,Y25-54,T,MED_E,NAC,BE	31688 
A,Y25-54,T,MED_E,NAC,BG	14259 
A,Y25-54,T,MED_E,NAC,CH	54287 
A,Y25-54,T,MED_E,NAC,CY	20668 
A,Y25-54,T,MED_E,NAC,CZ	377647 
A,Y25-54,T,MED_E,NAC,DE	28578 
A,Y25-54,T,MED_E,NAC,DK	271229 
A,Y25-54,T,MED_E,NAC,EE	17769 
A,Y25-54,T,MED_E,NAC,EL	10548 
A,Y25-54,T,MED_E,NAC,ES	18760 
A,Y25-54,T,MED_E,NAC,FI	30349 
A,Y25-54,T,MED_E,NAC,FR	25664 
A,Y25-54,T,MED_E,NAC,HR	11001 b
A,Y25-54,T,MED_E,NAC,HU	2974940 
A,Y25-54,T,MED_E,NAC,IE	32821 
A,Y25-54,T,MED_E,NAC,IT	20375 
A,Y25-54,T,MED_E,NAC,LT	13201 
A,Y25-54,T,MED_E,NAC,LU	49243 
A,Y25-54,T,MED_E,NAC,LV	12929 
A,Y25-54,T,MED_E,NAC,MK	260000 
A,Y25-54,T,MED_E,NAC,MT	21432 
A,Y25-54,T,MED_E,NAC,NL	32186 
A,Y25-54,T,MED_E,NAC,NO	436710 b
A,Y25-54,T,MED_E,NAC,PL	50745 
A,Y25-54,T,MED_E,NAC,PT	12283 
A,Y25-54,T,MED_E,NAC,RO	35204 
A,Y25-54,T,MED_E,NAC,RS	636684 
A,Y25-54,T,MED_E,NAC,SE	309304 
A,Y25-54,T,MED_E,NAC,SI	18999 
A,Y25-54,T,MED_E,NAC,SK	9548 
A,Y25-54,T,MED_E,NAC,TR	57264 
A,Y25-54,T,MED_E,PPS,AT	30301 
A,Y25-54,T,MED_E,PPS,BE	27467 
A,Y25-54,T,MED_E,PPS,BG	12467 
A,Y25-54,T,MED_E,PPS,CH	30942 
A,Y25-54,T,MED_E,PPS,CY	22462 
A,Y25-54,T,MED_E,PPS,CZ	18245 
A,Y25-54,T,MED_E,PPS,DE	26198 
A,Y25-54,T,MED_E,PPS,DK	24539 
A,Y25-54,T,MED_E,PPS,EA20	22437 
A,Y25-54,T,MED_E,PPS,EE	18198 
A,Y25-54,T,MED_E,PPS,EL	11953 
A,Y25-54,T,MED_E,PPS,ES	19482 
A,Y25-54,T,MED_E,PPS,EU27_2020	21138 
A,Y25-54,T,MED_E,PPS,FI	24073 
A,Y25-54,T,MED_E,PPS,FR	23219 
A,Y25-54,T,MED_E,PPS,HR	14973 b
A,Y25-54,T,MED_E,PPS,HU	11226 
A,Y25-54,T,MED_E,PPS,IE	23067 
A,Y25-54,T,MED_E,PPS,IT	20244 
A,Y25-54,T,MED_E,PPS,LT	16744 
A,Y25-54,T,MED_E,PPS,LU	35950 
A,Y25-54,T,MED_E,PPS,LV	15192 
A,Y25-54,T,MED_E,PPS,MK	8210 
A,Y25-54,T,MED_E,PPS,MT	23831 
A,Y25-54,T,MED_E,PPS,NL	27638 
A,Y25-54,T,MED_E,PPS,NO	30287 b
A,Y25-54,T,MED_E,PPS,PL	17837 
A,Y25-54,T,MED_E,PPS,PT	13942 
A,Y25-54,T,MED_E,PPS,RO	12048 
A,Y25-54,T,MED_E,PPS,RS	8481 
A,Y25-54,T,MED_E,PPS,SE	23802 
A,Y25-54,T,MED_E,PPS,SI	21336 
A,Y25-54,T,MED_E,PPS,SK	11056 
A,Y25-54,T,MED_E,PPS,TR	7899 
A,Y50-64,T,MED_E,EUR,AT	34958 
A,Y50-64,T,MED_E,EUR,BE	31326 
A,Y50-64,T,MED_E,EUR,BG	7654 
A,Y50-64,T,MED_E,EUR,CH	56864 
A,Y50-64,T,MED_E,EUR,CY	21216 
A,Y50-64,T,MED_E,EUR,CZ	15615 
A,Y50-64,T,MED_E,EUR,DE	29495 
A,Y50-64,T,MED_E,EUR,DK	42166 
A,Y50-64,T,MED_E,EUR,EA20	24746 
A,Y50-64,T,MED_E,EUR,EE	16081 
A,Y50-64,T,MED_E,EUR,EL	10767 
A,Y50-64,T,MED_E,EUR,ES	19545 
A,Y50-64,T,MED_E,EUR,EU27_2020	22549 
A,Y50-64,T,MED_E,EUR,FI	32535 
A,Y50-64,T,MED_E,EUR,FR	26765 
A,Y50-64,T,MED_E,EUR,HR	10669 b
A,Y50-64,T,MED_E,EUR,HU	7360 
A,Y50-64,T,MED_E,EUR,IE	33177 
A,Y50-64,T,MED_E,EUR,IT	21638 
A,Y50-64,T,MED_E,EUR,LT	11913 
A,Y50-64,T,MED_E,EUR,LU	49590 
A,Y50-64,T,MED_E,EUR,LV	11142 
A,Y50-64,T,MED_E,EUR,MK	4269 
A,Y50-64,T,MED_E,EUR,MT	21008 
A,Y50-64,T,MED_E,EUR,NL	32718 
A,Y50-64,T,MED_E,EUR,NO	50470 b
A,Y50-64,T,MED_E,EUR,PL	10462 
A,Y50-64,T,MED_E,EUR,PT	12220 
A,Y50-64,T,MED_E,EUR,RO	6868 
A,Y50-64,T,MED_E,EUR,RS	4991 
A,Y50-64,T,MED_E,EUR,SE	33972 
A,Y50-64,T,MED_E,EUR,SI	18960 
A,Y50-64,T,MED_E,EUR,SK	10285 
A,Y50-64,T,MED_E,EUR,TR	3463 
A,Y50-64,T,MED_E,NAC,AT	34958 
A,Y50-64,T,MED_E,NAC,BE	31326 
A,Y50-64,T,MED_E,NAC,BG	14969 
A,Y50-64,T,MED_E,NAC,CH	57132 
A,Y50-64,T,MED_E,NAC,CY	21216 
A,Y50-64,T,MED_E,NAC,CZ	383590 
A,Y50-64,T,MED_E,NAC,DE	29495 
A,Y50-64,T,MED_E,NAC,DK	313695 
A,Y50-64,T,MED_E,NAC,EE	16081 
A,Y50-64,T,MED_E,NAC,EL	10767 
A,Y50-64,T,MED_E,NAC,ES	19545 
A,Y50-64,T,MED_E,NAC,FI	32535 
A,Y50-64,T,MED_E,NAC,FR	26765 
A,Y50-64,T,MED_E,NAC,HR	10669 b
A,Y50-64,T,MED_E,NAC,HU	2879724 
A,Y50-64,T,MED_E,NAC,IE	33177 
A,Y50-64,T,MED_E,NAC,IT	21638 
A,Y50-64,T,MED_E,NAC,LT	11913 
A,Y50-64,T,MED_E,NAC,LU	49590 
A,Y50-64,T,MED_E,NAC,LV	11142 
A,Y50-64,T,MED_E,NAC,MK	263050 
A,Y50-64,T,MED_E,NAC,MT	21008 
A,Y50-64,T,MED_E,NAC,NL	32718 
A,Y50-64,T,MED_E,NAC,NO	509874 b
A,Y50-64,T,MED_E,NAC,PL	49025 
A,Y50-64,T,MED_E,NAC,PT	12220 
A,Y50-64,T,MED_E,NAC,RO	33867 
A,Y50-64,T,MED_E,NAC,RS	586250 
A,Y50-64,T,MED_E,NAC,SE	361105 
A,Y50-64,T,MED_E,NAC,SI	18960 
A,Y50-64,T,MED_E,NAC,SK	10285 
A,Y50-64,T,MED_E,NAC,TR	60285 
A,Y50-64,T,MED_E,PPS,AT	31897 
A,Y50-64,T,MED_E,PPS,BE	27154 
A,Y50-64,T,MED_E,PPS,BG	13088 
A,Y50-64,T,MED_E,PPS,CH	32563 
A,Y50-64,T,MED_E,PPS,CY	23058 
A,Y50-64,T,MED_E,PPS,CZ	18532 
A,Y50-64,T,MED_E,PPS,DE	27039 
A,Y50-64,T,MED_E,PPS,DK	28381 
A,Y50-64,T,MED_E,PPS,EA20	23285 
A,Y50-64,T,MED_E,PPS,EE	16468 
A,Y50-64,T,MED_E,PPS,EL	12201 
A,Y50-64,T,MED_E,PPS,ES	20298 
A,Y50-64,T,MED_E,PPS,EU27_2020	21994 
A,Y50-64,T,MED_E,PPS,FI	25807 
A,Y50-64,T,MED_E,PPS,FR	24215 
A,Y50-64,T,MED_E,PPS,HR	14521 b
A,Y50-64,T,MED_E,PPS,HU	10867 
A,Y50-64,T,MED_E,PPS,IE	23317 
A,Y50-64,T,MED_E,PPS,IT	21499 
A,Y50-64,T,MED_E,PPS,LT	15110 
A,Y50-64,T,MED_E,PPS,LU	36203 
A,Y50-64,T,MED_E,PPS,LV	13092 
A,Y50-64,T,MED_E,PPS,MK	8307 
A,Y50-64,T,MED_E,PPS,MT	23360 
A,Y50-64,T,MED_E,PPS,NL	28095 
A,Y50-64,T,MED_E,PPS,NO	35362 b
A,Y50-64,T,MED_E,PPS,PL	17233 
A,Y50-64,T,MED_E,PPS,PT	13871 
A,Y50-64,T,MED_E,PPS,RO	11590 
A,Y50-64,T,MED_E,PPS,RS	7809 
A,Y50-64,T,MED_E,PPS,SE	27788 
A,Y50-64,T,MED_E,PPS,SI	21292 
A,Y50-64,T,MED_E,PPS,SK	11910 
A,Y50-64,T,MED_E,PPS,TR	8315 
A,Y55-64,T,MED_E,EUR,AT	34616 
A,Y55-64,T,MED_E,EUR,BE	31223 
A,Y55-64,T,MED_E,EUR,BG	7636 
A,Y55-64,T,MED_E,EUR,CH	56604 
A,Y55-64,T,MED_E,EUR,CY	21154 
A,Y55-64,T,MED_E,EUR,CZ	15437 
A,Y55-64,T,MED_E,EUR,DE	29040 
A,Y55-64,T,MED_E,EUR,DK	42642 
A,Y55-64,T,MED_E,EUR,EA20	24939 
A,Y55-64,T,MED_E,EUR,EE	15389 
A,Y55-64,T,MED_E,EUR,EL	10955 
A,Y55-64,T,MED_E,EUR,ES	20076 
A,Y55-64,T,MED_E,EUR,EU27_2020	22769 
A,Y55-64,T,MED_E,EUR,FI	31601 
A,Y55-64,T,MED_E,EUR,FR	26854 
A,Y55-64,T,MED_E,EUR,HR	10429 b
A,Y55-64,T,MED_E,EUR,HU	7360 
A,Y55-64,T,MED_E,EUR,IE	34503 
A,Y55-64,T,MED_E,EUR,IT	22410 
A,Y55-64,T,MED_E,EUR,LT	11722 
A,Y55-64,T,MED_E,EUR,LU	51299 
A,Y55-64,T,MED_E,EUR,LV	10786 
A,Y55-64,T,MED_E,EUR,MK	4228 
A,Y55-64,T,MED_E,EUR,MT	20695 
A,Y55-64,T,MED_E,EUR,NL	32888 
A,Y55-64,T,MED_E,EUR,NO	51776 b
A,Y55-64,T,MED_E,EUR,PL	10325 
A,Y55-64,T,MED_E,EUR,PT	12341 
A,Y55-64,T,MED_E,EUR,RO	6708 
A,Y55-64,T,MED_E,EUR,RS	4891 
A,Y55-64,T,MED_E,EUR,SE	34638 
A,Y55-64,T,MED_E,EUR,SI	18293 
A,Y55-64,T,MED_E,EUR,SK	10304 
A,Y55-64,T,MED_E,EUR,TR	3456 
A,Y55-64,T,MED_E,NAC,AT	34616 
A,Y55-64,T,MED_E,NAC,BE	31223 
A,Y55-64,T,MED_E,NAC,BG	14935 
A,Y55-64,T,MED_E,NAC,CH	56870 
A,Y55-64,T,MED_E,NAC,CY	21154 
A,Y55-64,T,MED_E,NAC,CZ	379225 
A,Y55-64,T,MED_E,NAC,DE	29040 
A,Y55-64,T,MED_E,NAC,DK	317237 
A,Y55-64,T,MED_E,NAC,EE	15389 
A,Y55-64,T,MED_E,NAC,EL	10955 
A,Y55-64,T,MED_E,NAC,ES	20076 
A,Y55-64,T,MED_E,NAC,FI	31601 
A,Y55-64,T,MED_E,NAC,FR	26854 
A,Y55-64,T,MED_E,NAC,HR	10429 b
A,Y55-64,T,MED_E,NAC,HU	2879724 
A,Y55-64,T,MED_E,NAC,IE	34503 
A,Y55-64,T,MED_E,NAC,IT	22410 
A,Y55-64,T,MED_E,NAC,LT	11722 
A,Y55-64,T,MED_E,NAC,LU	51299 
A,Y55-64,T,MED_E,NAC,LV	10786 
A,Y55-64,T,MED_E,NAC,MK	260565 
A,Y55-64,T,MED_E,NAC,MT	20695 
A,Y55-64,T,MED_E,NAC,NL	32888 
A,Y55-64,T,MED_E,NAC,NO	523073 b
A,Y55-64,T,MED_E,NAC,PL	48386 
A,Y55-64,T,MED_E,NAC,PT	12341 
A,Y55-64,T,MED_E,NAC,RO	33080 
A,Y55-64,T,MED_E,NAC,RS	574500 
A,Y55-64,T,MED_E,NAC,SE	368190 
A,Y55-64,T,MED_E,NAC,SI	18293 
A,Y55-64,T,MED_E,NAC,SK	10304 
A,Y55-64,T,MED_E,NAC,TR	60168 
A,Y55-64,T,MED_E,PPS,AT	31585 
A,Y55-64,T,MED_E,PPS,BE	27064 
A,Y55-64,T,MED_E,PPS,BG	13058 
A,Y55-64,T,MED_E,PPS,CH	32414 
A,Y55-64,T,MED_E,PPS,CY	22990 
A,Y55-64,T,MED_E,PPS,CZ	18321 
A,Y55-64,T,MED_E,PPS,DE	26621 
A,Y55-64,T,MED_E,PPS,DK	28702 
A,Y55-64,T,MED_E,PPS,EA20	23467 
A,Y55-64,T,MED_E,PPS,EE	15760 
A,Y55-64,T,MED_E,PPS,EL	12414 
A,Y55-64,T,MED_E,PPS,ES	20848 
A,Y55-64,T,MED_E,PPS,EU27_2020	22166 
A,Y55-64,T,MED_E,PPS,FI	25067 
A,Y55-64,T,MED_E,PPS,FR	24296 
A,Y55-64,T,MED_E,PPS,HR	14195 b
A,Y55-64,T,MED_E,PPS,HU	10867 
A,Y55-64,T,MED_E,PPS,IE	24249 
A,Y55-64,T,MED_E,PPS,IT	22266 
A,Y55-64,T,MED_E,PPS,LT	14868 
A,Y55-64,T,MED_E,PPS,LU	37451 
A,Y55-64,T,MED_E,PPS,LV	12673 
A,Y55-64,T,MED_E,PPS,MK	8228 
A,Y55-64,T,MED_E,PPS,MT	23012 
A,Y55-64,T,MED_E,PPS,NL	28241 
A,Y55-64,T,MED_E,PPS,NO	36277 b
A,Y55-64,T,MED_E,PPS,PL	17008 
A,Y55-64,T,MED_E,PPS,PT	14007 
A,Y55-64,T,MED_E,PPS,RO	11321 
A,Y55-64,T,MED_E,PPS,RS	7652 
A,Y55-64,T,MED_E,PPS,SE	28333 
A,Y55-64,T,MED_E,PPS,SI	20544 
A,Y55-64,T,MED_E,PPS,SK	11932 
A,Y55-64,T,MED_E,PPS,TR	8299 
A,Y6-11,T,MED_E,EUR,AT	28691 
A,Y6-11,T,MED_E,EUR,BE	28944 
A,Y6-11,T,MED_E,EUR,BG	6183 
A,Y6-11,T,MED_E,EUR,CH	45794 
A,Y6-11,T,MED_E,EUR,CY	18291 
A,Y6-11,T,MED_E,EUR,CZ	13880 
A,Y6-11,T,MED_E,EUR,DE	25097 
A,Y6-11,T,MED_E,EUR,DK	33898 
A,Y6-11,T,MED_E,EUR,EA20	21363 
A,Y6-11,T,MED_E,EUR,EE	16386 
A,Y6-11,T,MED_E,EUR,EL	9460 
A,Y6-11,T,MED_E,EUR,ES	16524 
A,Y6-11,T,MED_E,EUR,EU27_2020	19397 
A,Y6-11,T,MED_E,EUR,FI	27561 
A,Y6-11,T,MED_E,EUR,FR	22631 
A,Y6-11,T,MED_E,EUR,HR	10324 b
A,Y6-11,T,MED_E,EUR,HU	7490 
A,Y6-11,T,MED_E,EUR,IE	27445 
A,Y6-11,T,MED_E,EUR,IT	17622 
A,Y6-11,T,MED_E,EUR,LT	12074 
A,Y6-11,T,MED_E,EUR,LU	41649 
A,Y6-11,T,MED_E,EUR,LV	12605 
A,Y6-11,T,MED_E,EUR,MK	3246 
A,Y6-11,T,MED_E,EUR,MT	15929 
A,Y6-11,T,MED_E,EUR,NL	30409 
A,Y6-11,T,MED_E,EUR,NO	39843 b
A,Y6-11,T,MED_E,EUR,PL	9838 
A,Y6-11,T,MED_E,EUR,PT	11388 
A,Y6-11,T,MED_E,EUR,RO	6433 
A,Y6-11,T,MED_E,EUR,RS	4789 
A,Y6-11,T,MED_E,EUR,SE	26599 
A,Y6-11,T,MED_E,EUR,SI	18575 
A,Y6-11,T,MED_E,EUR,SK	8392 
A,Y6-11,T,MED_E,EUR,TR	2343 
A,Y6-11,T,MED_E,NAC,AT	28691 
A,Y6-11,T,MED_E,NAC,BE	28944 
A,Y6-11,T,MED_E,NAC,BG	12093 
A,Y6-11,T,MED_E,NAC,CH	46010 
A,Y6-11,T,MED_E,NAC,CY	18291 
A,Y6-11,T,MED_E,NAC,CZ	340971 
A,Y6-11,T,MED_E,NAC,DE	25097 
A,Y6-11,T,MED_E,NAC,DK	252186 
A,Y6-11,T,MED_E,NAC,EE	16386 
A,Y6-11,T,MED_E,NAC,EL	9460 
A,Y6-11,T,MED_E,NAC,ES	16524 
A,Y6-11,T,MED_E,NAC,FI	27561 
A,Y6-11,T,MED_E,NAC,FR	22631 
A,Y6-11,T,MED_E,NAC,HR	10324 b
A,Y6-11,T,MED_E,NAC,HU	2930934 
A,Y6-11,T,MED_E,NAC,IE	27445 
A,Y6-11,T,MED_E,NAC,IT	17622 
A,Y6-11,T,MED_E,NAC,LT	12074 
A,Y6-11,T,MED_E,NAC,LU	41649 
A,Y6-11,T,MED_E,NAC,LV	12605 
A,Y6-11,T,MED_E,NAC,MK	200000 
A,Y6-11,T,MED_E,NAC,MT	15929 
A,Y6-11,T,MED_E,NAC,NL	30409 
A,Y6-11,T,MED_E,NAC,NO	402520 b
A,Y6-11,T,MED_E,NAC,PL	46100 
A,Y6-11,T,MED_E,NAC,PT	11388 
A,Y6-11,T,MED_E,NAC,RO	31722 
A,Y6-11,T,MED_E,NAC,RS	562484 
A,Y6-11,T,MED_E,NAC,SE	282737 
A,Y6-11,T,MED_E,NAC,SI	18575 
A,Y6-11,T,MED_E,NAC,SK	8392 
A,Y6-11,T,MED_E,NAC,TR	40783 
A,Y6-11,T,MED_E,PPS,AT	26179 
A,Y6-11,T,MED_E,PPS,BE	25089 
A,Y6-11,T,MED_E,PPS,BG	10574 
A,Y6-11,T,MED_E,PPS,CH	26224 
A,Y6-11,T,MED_E,PPS,CY	19880 
A,Y6-11,T,MED_E,PPS,CZ	16473 
A,Y6-11,T,MED_E,PPS,DE	23007 
A,Y6-11,T,MED_E,PPS,DK	22816 
A,Y6-11,T,MED_E,PPS,EA20	19967 
A,Y6-11,T,MED_E,PPS,EE	16781 
A,Y6-11,T,MED_E,PPS,EL	10720 
A,Y6-11,T,MED_E,PPS,ES	17160 
A,Y6-11,T,MED_E,PPS,EU27_2020	18955 
A,Y6-11,T,MED_E,PPS,FI	21862 
A,Y6-11,T,MED_E,PPS,FR	20475 
A,Y6-11,T,MED_E,PPS,HR	14052 b
A,Y6-11,T,MED_E,PPS,HU	11060 
A,Y6-11,T,MED_E,PPS,IE	19288 
A,Y6-11,T,MED_E,PPS,IT	17509 
A,Y6-11,T,MED_E,PPS,LT	15315 
A,Y6-11,T,MED_E,PPS,LU	30406 
A,Y6-11,T,MED_E,PPS,LV	14811 
A,Y6-11,T,MED_E,PPS,MK	6316 
A,Y6-11,T,MED_E,PPS,MT	17713 
A,Y6-11,T,MED_E,PPS,NL	26112 
A,Y6-11,T,MED_E,PPS,NO	27916 b
A,Y6-11,T,MED_E,PPS,PL	16205 
A,Y6-11,T,MED_E,PPS,PT	12926 
A,Y6-11,T,MED_E,PPS,RO	10856 
A,Y6-11,T,MED_E,PPS,RS	7492 
A,Y6-11,T,MED_E,PPS,SE	21757 
A,Y6-11,T,MED_E,PPS,SI	20860 
A,Y6-11,T,MED_E,PPS,SK	9718 
A,Y6-11,T,MED_E,PPS,TR	5625 
A,Y_GE16,T,MED_E,EUR,AT	32220 
A,Y_GE16,T,MED_E,EUR,BE	28993 
A,Y_GE16,T,MED_E,EUR,BG	6569 
A,Y_GE16,T,MED_E,EUR,CH	50352 
A,Y_GE16,T,MED_E,EUR,CY	19339 
A,Y_GE16,T,MED_E,EUR,CZ	13723 
A,Y_GE16,T,MED_E,EUR,DE	26516 
A,Y_GE16,T,MED_E,EUR,DK	33761 
A,Y_GE16,T,MED_E,EUR,EA20	22733 
A,Y_GE16,T,MED_E,EUR,EE	14888 
A,Y_GE16,T,MED_E,EUR,EL	10160 
A,Y_GE16,T,MED_E,EUR,ES	18673 
A,Y_GE16,T,MED_E,EUR,EU27_2020	20497 
A,Y_GE16,T,MED_E,EUR,FI	27399 
A,Y_GE16,T,MED_E,EUR,FR	24562 
A,Y_GE16,T,MED_E,EUR,HR	9819 b
A,Y_GE16,T,MED_E,EUR,HU	7407 
A,Y_GE16,T,MED_E,EUR,IE	31579 
A,Y_GE16,T,MED_E,EUR,IT	20255 
A,Y_GE16,T,MED_E,EUR,LT	11160 
A,Y_GE16,T,MED_E,EUR,LU	48858 
A,Y_GE16,T,MED_E,EUR,LV	10995 
A,Y_GE16,T,MED_E,EUR,MK	4030 
A,Y_GE16,T,MED_E,EUR,MT	19246 
A,Y_GE16,T,MED_E,EUR,NL	29115 
A,Y_GE16,T,MED_E,EUR,NO	42559 b
A,Y_GE16,T,MED_E,EUR,PL	10084 
A,Y_GE16,T,MED_E,EUR,PT	11924 
A,Y_GE16,T,MED_E,EUR,RO	6631 
A,Y_GE16,T,MED_E,EUR,RS	4972 
A,Y_GE16,T,MED_E,EUR,SE	27570 
A,Y_GE16,T,MED_E,EUR,SI	18047 
A,Y_GE16,T,MED_E,EUR,SK	9475 
A,Y_GE16,T,MED_E,EUR,TR	3150 
A,Y_GE16,T,MED_E,NAC,AT	32220 
A,Y_GE16,T,MED_E,NAC,BE	28993 
A,Y_GE16,T,MED_E,NAC,BG	12847 
A,Y_GE16,T,MED_E,NAC,CH	50589 
A,Y_GE16,T,MED_E,NAC,CY	19339 
A,Y_GE16,T,MED_E,NAC,CZ	337120 
A,Y_GE16,T,MED_E,NAC,DE	26516 
A,Y_GE16,T,MED_E,NAC,DK	251166 
A,Y_GE16,T,MED_E,NAC,EE	14888 
A,Y_GE16,T,MED_E,NAC,EL	10160 
A,Y_GE16,T,MED_E,NAC,ES	18673 
A,Y_GE16,T,MED_E,NAC,FI	27399 
A,Y_GE16,T,MED_E,NAC,FR	24562 
A,Y_GE16,T,MED_E,NAC,HR	9819 b
A,Y_GE16,T,MED_E,NAC,HU	2898181 
A,Y_GE16,T,MED_E,NAC,IE	31579 
A,Y_GE16,T,MED_E,NAC,IT	20255 
A,Y_GE16,T,MED_E,NAC,LT	11160 
A,Y_GE16,T,MED_E,NAC,LU	48858 
A,Y_GE16,T,MED_E,NAC,LV	10995 
A,Y_GE16,T,MED_E,NAC,MK	248320 
A,Y_GE16,T,MED_E,NAC,MT	19246 
A,Y_GE16,T,MED_E,NAC,NL	29115 
A,Y_GE16,T,MED_E,NAC,NO	429954 b
A,Y_GE16,T,MED_E,NAC,PL	47254 
A,Y_GE16,T,MED_E,NAC,PT	11924 
A,Y_GE16,T,MED_E,NAC,RO	32700 
A,Y_GE16,T,MED_E,NAC,RS	584000 
A,Y_GE16,T,MED_E,NAC,SE	293054 
A,Y_GE16,T,MED_E,NAC,SI	18047 
A,Y_GE16,T,MED_E,NAC,SK	9475 
A,Y_GE16,T,MED_E,NAC,TR	54845 
A,Y_GE16,T,MED_E,PPS,AT	29399 
A,Y_GE16,T,MED_E,PPS,BE	25131 
A,Y_GE16,T,MED_E,PPS,BG	11232 
A,Y_GE16,T,MED_E,PPS,CH	28834 
A,Y_GE16,T,MED_E,PPS,CY	21019 
A,Y_GE16,T,MED_E,PPS,CZ	16287 
A,Y_GE16,T,MED_E,PPS,DE	24307 
A,Y_GE16,T,MED_E,PPS,DK	22724 
A,Y_GE16,T,MED_E,PPS,EA20	21391 
A,Y_GE16,T,MED_E,PPS,EE	15247 
A,Y_GE16,T,MED_E,PPS,EL	11513 
A,Y_GE16,T,MED_E,PPS,ES	19392 
A,Y_GE16,T,MED_E,PPS,EU27_2020	20121 
A,Y_GE16,T,MED_E,PPS,FI	21733 
A,Y_GE16,T,MED_E,PPS,FR	22222 
A,Y_GE16,T,MED_E,PPS,HR	13364 b
A,Y_GE16,T,MED_E,PPS,HU	10936 
A,Y_GE16,T,MED_E,PPS,IE	22194 
A,Y_GE16,T,MED_E,PPS,IT	20125 
A,Y_GE16,T,MED_E,PPS,LT	14156 
A,Y_GE16,T,MED_E,PPS,LU	35669 
A,Y_GE16,T,MED_E,PPS,LV	12919 
A,Y_GE16,T,MED_E,PPS,MK	7842 
A,Y_GE16,T,MED_E,PPS,MT	21401 
A,Y_GE16,T,MED_E,PPS,NL	25001 
A,Y_GE16,T,MED_E,PPS,NO	29819 b
A,Y_GE16,T,MED_E,PPS,PL	16610 
A,Y_GE16,T,MED_E,PPS,PT	13535 
A,Y_GE16,T,MED_E,PPS,RO	11191 
A,Y_GE16,T,MED_E,PPS,RS	7779 
A,Y_GE16,T,MED_E,PPS,SE	22551 
A,Y_GE16,T,MED_E,PPS,SI	20267 
A,Y_GE16,T,MED_E,PPS,SK	10972 
A,Y_GE16,T,MED_E,PPS,TR	7565 
A,Y_GE18,T,MED_E,EUR,AT	32267 
A,Y_GE18,T,MED_E,EUR,BE	29014 
A,Y_GE18,T,MED_E,EUR,BG	6595 
A,Y_GE18,T,MED_E,EUR,CH	50439 
A,Y_GE18,T,MED_E,EUR,CY	19417 
A,Y_GE18,T,MED_E,EUR,CZ	13774 
A,Y_GE18,T,MED_E,EUR,DE	26561 
A,Y_GE18,T,MED_E,EUR,DK	33706 
A,Y_GE18,T,MED_E,EUR,EA20	22814 
A,Y_GE18,T,MED_E,EUR,EE	14867 
A,Y_GE18,T,MED_E,EUR,EL	10207 
A,Y_GE18,T,MED_E,EUR,ES	18761 
A,Y_GE18,T,MED_E,EUR,EU27_2020	20565 
A,Y_GE18,T,MED_E,EUR,FI	27406 
A,Y_GE18,T,MED_E,EUR,FR	24707 
A,Y_GE18,T,MED_E,EUR,HR	9855 b
A,Y_GE18,T,MED_E,EUR,HU	7413 
A,Y_GE18,T,MED_E,EUR,IE	31620 
A,Y_GE18,T,MED_E,EUR,IT	20385 
A,Y_GE18,T,MED_E,EUR,LT	11164 
A,Y_GE18,T,MED_E,EUR,LU	49239 
A,Y_GE18,T,MED_E,EUR,LV	11022 
A,Y_GE18,T,MED_E,EUR,MK	4064 
A,Y_GE18,T,MED_E,EUR,MT	19277 
A,Y_GE18,T,MED_E,EUR,NL	29200 
A,Y_GE18,T,MED_E,EUR,NO	42606 b
A,Y_GE18,T,MED_E,EUR,PL	10111 
A,Y_GE18,T,MED_E,EUR,PT	11973 
A,Y_GE18,T,MED_E,EUR,RO	6662 
A,Y_GE18,T,MED_E,EUR,RS	4989 
A,Y_GE18,T,MED_E,EUR,SE	27672 
A,Y_GE18,T,MED_E,EUR,SI	18061 
A,Y_GE18,T,MED_E,EUR,SK	9528 
A,Y_GE18,T,MED_E,EUR,TR	3189 
A,Y_GE18,T,MED_E,NAC,AT	32267 
A,Y_GE18,T,MED_E,NAC,BE	29014 
A,Y_GE18,T,MED_E,NAC,BG	12899 
A,Y_GE18,T,MED_E,NAC,CH	50676 
A,Y_GE18,T,MED_E,NAC,CY	19417 
A,Y_GE18,T,MED_E,NAC,CZ	338365 
A,Y_GE18,T,MED_E,NAC,DE	26561 
A,Y_GE18,T,MED_E,NAC,DK	250763 
A,Y_GE18,T,MED_E,NAC,EE	14867 
A,Y_GE18,T,MED_E,NAC,EL	10207 
A,Y_GE18,T,MED_E,NAC,ES	18761 
A,Y_GE18,T,MED_E,NAC,FI	27406 
A,Y_GE18,T,MED_E,NAC,FR	24707 
A,Y_GE18,T,MED_E,NAC,HR	9855 b
A,Y_GE18,T,MED_E,NAC,HU	2900606 
A,Y_GE18,T,MED_E,NAC,IE	31620 
A,Y_GE18,T,MED_E,NAC,IT	20385 
A,Y_GE18,T,MED_E,NAC,LT	11164 
A,Y_GE18,T,MED_E,NAC,LU	49239 
A,Y_GE18,T,MED_E,NAC,LV	11022 
A,Y_GE18,T,MED_E,NAC,MK	250435 
A,Y_GE18,T,MED_E,NAC,MT	19277 
A,Y_GE18,T,MED_E,NAC,NL	29200 
A,Y_GE18,T,MED_E,NAC,NO	430435 b
A,Y_GE18,T,MED_E,NAC,PL	47379 
A,Y_GE18,T,MED_E,NAC,PT	11973 
A,Y_GE18,T,MED_E,NAC,RO	32850 
A,Y_GE18,T,MED_E,NAC,RS	586000 
A,Y_GE18,T,MED_E,NAC,SE	294137 
A,Y_GE18,T,MED_E,NAC,SI	18061 
A,Y_GE18,T,MED_E,NAC,SK	9528 
A,Y_GE18,T,MED_E,NAC,TR	55517 
A,Y_GE18,T,MED_E,PPS,AT	29442 
A,Y_GE18,T,MED_E,PPS,BE	25149 
A,Y_GE18,T,MED_E,PPS,BG	11277 
A,Y_GE18,T,MED_E,PPS,CH	28884 
A,Y_GE18,T,MED_E,PPS,CY	21103 
A,Y_GE18,T,MED_E,PPS,CZ	16347 
A,Y_GE18,T,MED_E,PPS,DE	24348 
A,Y_GE18,T,MED_E,PPS,DK	22687 
A,Y_GE18,T,MED_E,PPS,EA20	21471 
A,Y_GE18,T,MED_E,PPS,EE	15225 
A,Y_GE18,T,MED_E,PPS,EL	11566 
A,Y_GE18,T,MED_E,PPS,ES	19483 
A,Y_GE18,T,MED_E,PPS,EU27_2020	20193 
A,Y_GE18,T,MED_E,PPS,FI	21739 
A,Y_GE18,T,MED_E,PPS,FR	22354 
A,Y_GE18,T,MED_E,PPS,HR	13413 b
A,Y_GE18,T,MED_E,PPS,HU	10945 
A,Y_GE18,T,MED_E,PPS,IE	22223 
A,Y_GE18,T,MED_E,PPS,IT	20254 
A,Y_GE18,T,MED_E,PPS,LT	14160 
A,Y_GE18,T,MED_E,PPS,LU	35947 
A,Y_GE18,T,MED_E,PPS,LV	12951 
A,Y_GE18,T,MED_E,PPS,MK	7908 
A,Y_GE18,T,MED_E,PPS,MT	21435 
A,Y_GE18,T,MED_E,PPS,NL	25074 
A,Y_GE18,T,MED_E,PPS,NO	29852 b
A,Y_GE18,T,MED_E,PPS,PL	16654 
A,Y_GE18,T,MED_E,PPS,PT	13590 
A,Y_GE18,T,MED_E,PPS,RO	11242 
A,Y_GE18,T,MED_E,PPS,RS	7806 
A,Y_GE18,T,MED_E,PPS,SE	22634 
A,Y_GE18,T,MED_E,PPS,SI	20282 
A,Y_GE18,T,MED_E,PPS,SK	11033 
A,Y_GE18,T,MED_E,PPS,TR	7658 
A,Y_GE60,T,MED_E,EUR,AT	30008 
A,Y_GE60,T,MED_E,EUR,BE	24160 
A,Y_GE60,T,MED_E,EUR,BG	5603 
A,Y_GE60,T,MED_E,EUR,CH	42986 
A,Y_GE60,T,MED_E,EUR,CY	16363 
A,Y_GE60,T,MED_E,EUR,CZ	11469 
A,Y_GE60,T,MED_E,EUR,DE	24000 
A,Y_GE60,T,MED_E,EUR,DK	29760 
A,Y_GE60,T,MED_E,EUR,EA20	21284 
A,Y_GE60,T,MED_E,EUR,EE	10046 
A,Y_GE60,T,MED_E,EUR,EL	9840 
A,Y_GE60,T,MED_E,EUR,ES	19072 
A,Y_GE60,T,MED_E,EUR,EU27_2020	19142 
A,Y_GE60,T,MED_E,EUR,FI	24255 
A,Y_GE60,T,MED_E,EUR,FR	23418 
A,Y_GE60,T,MED_E,EUR,HR	7795 b
A,Y_GE60,T,MED_E,EUR,HU	7054 
A,Y_GE60,T,MED_E,EUR,IE	29418 
A,Y_GE60,T,MED_E,EUR,IT	20245 
A,Y_GE60,T,MED_E,EUR,LT	8531 
A,Y_GE60,T,MED_E,EUR,LU	51987 
A,Y_GE60,T,MED_E,EUR,LV	8174 
A,Y_GE60,T,MED_E,EUR,MK	3986 
A,Y_GE60,T,MED_E,EUR,MT	14836 
A,Y_GE60,T,MED_E,EUR,NL	25259 
A,Y_GE60,T,MED_E,EUR,NO	40698 b
A,Y_GE60,T,MED_E,EUR,PL	9223 
A,Y_GE60,T,MED_E,EUR,PT	11538 
A,Y_GE60,T,MED_E,EUR,RO	6301 
A,Y_GE60,T,MED_E,EUR,RS	4510 
A,Y_GE60,T,MED_E,EUR,SE	24699 
A,Y_GE60,T,MED_E,EUR,SI	15391 
A,Y_GE60,T,MED_E,EUR,SK	9497 
A,Y_GE60,T,MED_E,EUR,TR	2961 
A,Y_GE60,T,MED_E,NAC,AT	30008 
A,Y_GE60,T,MED_E,NAC,BE	24160 
A,Y_GE60,T,MED_E,NAC,BG	10958 
A,Y_GE60,T,MED_E,NAC,CH	43188 
A,Y_GE60,T,MED_E,NAC,CY	16363 
A,Y_GE60,T,MED_E,NAC,CZ	281759 
A,Y_GE60,T,MED_E,NAC,DE	24000 
A,Y_GE60,T,MED_E,NAC,DK	221399 
A,Y_GE60,T,MED_E,NAC,EE	10046 
A,Y_GE60,T,MED_E,NAC,EL	9840 
A,Y_GE60,T,MED_E,NAC,ES	19072 
A,Y_GE60,T,MED_E,NAC,FI	24255 
A,Y_GE60,T,MED_E,NAC,FR	23418 
A,Y_GE60,T,MED_E,NAC,HR	7795 b
A,Y_GE60,T,MED_E,NAC,HU	2760000 
A,Y_GE60,T,MED_E,NAC,IE	29418 
A,Y_GE60,T,MED_E,NAC,IT	20245 
A,Y_GE60,T,MED_E,NAC,LT	8531 
A,Y_GE60,T,MED_E,NAC,LU	51987 
A,Y_GE60,T,MED_E,NAC,LV	8174 
A,Y_GE60,T,MED_E,NAC,MK	245605 
A,Y_GE60,T,MED_E,NAC,MT	14836 
A,Y_GE60,T,MED_E,NAC,NL	25259 
A,Y_GE60,T,MED_E,NAC,NO	411153 b
A,Y_GE60,T,MED_E,NAC,PL	43219 
A,Y_GE60,T,MED_E,NAC,PT	11538 
A,Y_GE60,T,MED_E,NAC,RO	31072 
A,Y_GE60,T,MED_E,NAC,RS	529704 
A,Y_GE60,T,MED_E,NAC,SE	262541 
A,Y_GE60,T,MED_E,NAC,SI	15391 
A,Y_GE60,T,MED_E,NAC,SK	9497 
A,Y_GE60,T,MED_E,NAC,TR	51556 
A,Y_GE60,T,MED_E,PPS,AT	27380 
A,Y_GE60,T,MED_E,PPS,BE	20942 
A,Y_GE60,T,MED_E,PPS,BG	9581 
A,Y_GE60,T,MED_E,PPS,CH	24616 
A,Y_GE60,T,MED_E,PPS,CY	17784 
A,Y_GE60,T,MED_E,PPS,CZ	13613 
A,Y_GE60,T,MED_E,PPS,DE	22001 
A,Y_GE60,T,MED_E,PPS,DK	20031 
A,Y_GE60,T,MED_E,PPS,EA20	20097 
A,Y_GE60,T,MED_E,PPS,EE	10288 
A,Y_GE60,T,MED_E,PPS,EL	11151 
A,Y_GE60,T,MED_E,PPS,ES	19806 
A,Y_GE60,T,MED_E,PPS,EU27_2020	18811 
A,Y_GE60,T,MED_E,PPS,FI	19240 
A,Y_GE60,T,MED_E,PPS,FR	21187 
A,Y_GE60,T,MED_E,PPS,HR	10610 b
A,Y_GE60,T,MED_E,PPS,HU	10415 
A,Y_GE60,T,MED_E,PPS,IE	20675 
A,Y_GE60,T,MED_E,PPS,IT	20115 
A,Y_GE60,T,MED_E,PPS,LT	10821 
A,Y_GE60,T,MED_E,PPS,LU	37953 
A,Y_GE60,T,MED_E,PPS,LV	9604 
A,Y_GE60,T,MED_E,PPS,MK	7756 
A,Y_GE60,T,MED_E,PPS,MT	16496 
A,Y_GE60,T,MED_E,PPS,NL	21690 
A,Y_GE60,T,MED_E,PPS,NO	28515 b
A,Y_GE60,T,MED_E,PPS,PL	15192 
A,Y_GE60,T,MED_E,PPS,PT	13097 
A,Y_GE60,T,MED_E,PPS,RO	10634 
A,Y_GE60,T,MED_E,PPS,RS	7056 
A,Y_GE60,T,MED_E,PPS,SE	20203 
A,Y_GE60,T,MED_E,PPS,SI	17284 
A,Y_GE60,T,MED_E,PPS,SK	10997 
A,Y_GE60,T,MED_E,PPS,TR	7111 
A,Y_GE65,T,MED_E,EUR,AT	28838 
A,Y_GE65,T,MED_E,EUR,BE	22930 
A,Y_GE65,T,MED_E,EUR,BG	5236 
A,Y_GE65,T,MED_E,EUR,CH	40267 
A,Y_GE65,T,MED_E,EUR,CY	15316 
A,Y_GE65,T,MED_E,EUR,CZ	11017 
A,Y_GE65,T,MED_E,EUR,DE	23036 
A,Y_GE65,T,MED_E,EUR,DK	27890 
A,Y_GE65,T,MED_E,EUR,EA20	20565 
A,Y_GE65,T,MED_E,EUR,EE	9370 
A,Y_GE65,T,MED_E,EUR,EL	9600 
A,Y_GE65,T,MED_E,EUR,ES	18604 
A,Y_GE65,T,MED_E,EUR,EU27_2020	18477 
A,Y_GE65,T,MED_E,EUR,FI	23014 
A,Y_GE65,T,MED_E,EUR,FR	23025 
A,Y_GE65,T,MED_E,EUR,HR	7404 b
A,Y_GE65,T,MED_E,EUR,HU	6968 
A,Y_GE65,T,MED_E,EUR,IE	28480 
A,Y_GE65,T,MED_E,EUR,IT	19553 
A,Y_GE65,T,MED_E,EUR,LT	7867 
A,Y_GE65,T,MED_E,EUR,LU	52467 
A,Y_GE65,T,MED_E,EUR,LV	7740 
A,Y_GE65,T,MED_E,EUR,MK	3953 
A,Y_GE65,T,MED_E,EUR,MT	13758 
A,Y_GE65,T,MED_E,EUR,NL	24101 
A,Y_GE65,T,MED_E,EUR,NO	38947 b
A,Y_GE65,T,MED_E,EUR,PL	9010 
A,Y_GE65,T,MED_E,EUR,PT	11287 
A,Y_GE65,T,MED_E,EUR,RO	6178 
A,Y_GE65,T,MED_E,EUR,RS	4427 
A,Y_GE65,T,MED_E,EUR,SE	23272 
A,Y_GE65,T,MED_E,EUR,SI	14926 
A,Y_GE65,T,MED_E,EUR,SK	9275 
A,Y_GE65,T,MED_E,EUR,TR	2828 
A,Y_GE65,T,MED_E,NAC,AT	28838 
A,Y_GE65,T,MED_E,NAC,BE	22930 
A,Y_GE65,T,MED_E,NAC,BG	10241 
A,Y_GE65,T,MED_E,NAC,CH	40457 
A,Y_GE65,T,MED_E,NAC,CY	15316 
A,Y_GE65,T,MED_E,NAC,CZ	270643 
A,Y_GE65,T,MED_E,NAC,DE	23036 
A,Y_GE65,T,MED_E,NAC,DK	207489 
A,Y_GE65,T,MED_E,NAC,EE	9370 
A,Y_GE65,T,MED_E,NAC,EL	9600 
A,Y_GE65,T,MED_E,NAC,ES	18604 
A,Y_GE65,T,MED_E,NAC,FI	23014 
A,Y_GE65,T,MED_E,NAC,FR	23025 
A,Y_GE65,T,MED_E,NAC,HR	7404 b
A,Y_GE65,T,MED_E,NAC,HU	2726340 
A,Y_GE65,T,MED_E,NAC,IE	28480 
A,Y_GE65,T,MED_E,NAC,IT	19553 
A,Y_GE65,T,MED_E,NAC,LT	7867 
A,Y_GE65,T,MED_E,NAC,LU	52467 
A,Y_GE65,T,MED_E,NAC,LV	7740 
A,Y_GE65,T,MED_E,NAC,MK	243600 
A,Y_GE65,T,MED_E,NAC,MT	13758 
A,Y_GE65,T,MED_E,NAC,NL	24101 
A,Y_GE65,T,MED_E,NAC,NO	393467 b
A,Y_GE65,T,MED_E,NAC,PL	42221 
A,Y_GE65,T,MED_E,NAC,PT	11287 
A,Y_GE65,T,MED_E,NAC,RO	30467 
A,Y_GE65,T,MED_E,NAC,RS	520000 
A,Y_GE65,T,MED_E,NAC,SE	247374 
A,Y_GE65,T,MED_E,NAC,SI	14926 
A,Y_GE65,T,MED_E,NAC,SK	9275 
A,Y_GE65,T,MED_E,NAC,TR	49226 
A,Y_GE65,T,MED_E,PPS,AT	26313 
A,Y_GE65,T,MED_E,PPS,BE	19876 
A,Y_GE65,T,MED_E,PPS,BG	8954 
A,Y_GE65,T,MED_E,PPS,CH	23059 
A,Y_GE65,T,MED_E,PPS,CY	16646 
A,Y_GE65,T,MED_E,PPS,CZ	13076 
A,Y_GE65,T,MED_E,PPS,DE	21117 
A,Y_GE65,T,MED_E,PPS,DK	18772 
A,Y_GE65,T,MED_E,PPS,EA20	19425 
A,Y_GE65,T,MED_E,PPS,EE	9596 
A,Y_GE65,T,MED_E,PPS,EL	10879 
A,Y_GE65,T,MED_E,PPS,ES	19320 
A,Y_GE65,T,MED_E,PPS,EU27_2020	18173 
A,Y_GE65,T,MED_E,PPS,FI	18255 
A,Y_GE65,T,MED_E,PPS,FR	20832 
A,Y_GE65,T,MED_E,PPS,HR	10078 b
A,Y_GE65,T,MED_E,PPS,HU	10288 
A,Y_GE65,T,MED_E,PPS,IE	20016 
A,Y_GE65,T,MED_E,PPS,IT	19427 
A,Y_GE65,T,MED_E,PPS,LT	9979 
A,Y_GE65,T,MED_E,PPS,LU	38304 
A,Y_GE65,T,MED_E,PPS,LV	9095 
A,Y_GE65,T,MED_E,PPS,MK	7692 
A,Y_GE65,T,MED_E,PPS,MT	15299 
A,Y_GE65,T,MED_E,PPS,NL	20695 
A,Y_GE65,T,MED_E,PPS,NO	27288 b
A,Y_GE65,T,MED_E,PPS,PL	14841 
A,Y_GE65,T,MED_E,PPS,PT	12811 
A,Y_GE65,T,MED_E,PPS,RO	10427 
A,Y_GE65,T,MED_E,PPS,RS	6926 
A,Y_GE65,T,MED_E,PPS,SE	19036 
A,Y_GE65,T,MED_E,PPS,SI	16762 
A,Y_GE65,T,MED_E,PPS,SK	10740 
A,Y_GE65,T,MED_E,PPS,TR	6790 
A,Y_GE75,T,MED_E,EUR,AT	27681 
A,Y_GE75,T,MED_E,EUR,BE	21396 
A,Y_GE75,T,MED_E,EUR,BG	4807 
A,Y_GE75,T,MED_E,EUR,CH	38118 
A,Y_GE75,T,MED_E,EUR,CY	13378 
A,Y_GE75,T,MED_E,EUR,CZ	10341 
A,Y_GE75,T,MED_E,EUR,DE	22707 
A,Y_GE75,T,MED_E,EUR,DK	26170 
A,Y_GE75,T,MED_E,EUR,EA20	19824 
A,Y_GE75,T,MED_E,EUR,EE	8673 
A,Y_GE75,T,MED_E,EUR,EL	9093 
A,Y_GE75,T,MED_E,EUR,ES	17008 
A,Y_GE75,T,MED_E,EUR,EU27_2020	18109 
A,Y_GE75,T,MED_E,EUR,FI	21736 
A,Y_GE75,T,MED_E,EUR,FR	22996 
A,Y_GE75,T,MED_E,EUR,HR	7023 b
A,Y_GE75,T,MED_E,EUR,HU	6595 
A,Y_GE75,T,MED_E,EUR,IE	25894 
A,Y_GE75,T,MED_E,EUR,IT	18545 
A,Y_GE75,T,MED_E,EUR,LT	7700 
A,Y_GE75,T,MED_E,EUR,LU	52265 
A,Y_GE75,T,MED_E,EUR,LV	6816 
A,Y_GE75,T,MED_E,EUR,MK	3915 
A,Y_GE75,T,MED_E,EUR,MT	13215 
A,Y_GE75,T,MED_E,EUR,NL	22493 
A,Y_GE75,T,MED_E,EUR,NO	36888 b
A,Y_GE75,T,MED_E,EUR,PL	8911 
A,Y_GE75,T,MED_E,EUR,PT	10727 
A,Y_GE75,T,MED_E,EUR,RO	5772 
A,Y_GE75,T,MED_E,EUR,RS	4236 
A,Y_GE75,T,MED_E,EUR,SE	20845 
A,Y_GE75,T,MED_E,EUR,SI	15002 
A,Y_GE75,T,MED_E,EUR,SK	9090 
A,Y_GE75,T,MED_E,EUR,TR	2615 
A,Y_GE75,T,MED_E,NAC,AT	27681 
A,Y_GE75,T,MED_E,NAC,BE	21396 
A,Y_GE75,T,MED_E,NAC,BG	9402 
A,Y_GE75,T,MED_E,NAC,CH	38298 
A,Y_GE75,T,MED_E,NAC,CY	13378 
A,Y_GE75,T,MED_E,NAC,CZ	254026 
A,Y_GE75,T,MED_E,NAC,DE	22707 
A,Y_GE75,T,MED_E,NAC,DK	194694 
A,Y_GE75,T,MED_E,NAC,EE	8673 
A,Y_GE75,T,MED_E,NAC,EL	9093 
A,Y_GE75,T,MED_E,NAC,ES	17008 
A,Y_GE75,T,MED_E,NAC,FI	21736 
A,Y_GE75,T,MED_E,NAC,FR	22996 
A,Y_GE75,T,MED_E,NAC,HR	7023 b
A,Y_GE75,T,MED_E,NAC,HU	2580552 
A,Y_GE75,T,MED_E,NAC,IE	25894 
A,Y_GE75,T,MED_E,NAC,IT	18545 
A,Y_GE75,T,MED_E,NAC,LT	7700 
A,Y_GE75,T,MED_E,NAC,LU	52265 
A,Y_GE75,T,MED_E,NAC,LV	6816 
A,Y_GE75,T,MED_E,NAC,MK	241229 
A,Y_GE75,T,MED_E,NAC,MT	13215 
A,Y_GE75,T,MED_E,NAC,NL	22493 
A,Y_GE75,T,MED_E,NAC,NO	372667 b
A,Y_GE75,T,MED_E,NAC,PL	41760 
A,Y_GE75,T,MED_E,NAC,PT	10727 
A,Y_GE75,T,MED_E,NAC,RO	28463 
A,Y_GE75,T,MED_E,NAC,RS	497538 
A,Y_GE75,T,MED_E,NAC,SE	221573 
A,Y_GE75,T,MED_E,NAC,SI	15002 
A,Y_GE75,T,MED_E,NAC,SK	9090 
A,Y_GE75,T,MED_E,NAC,TR	45522 
A,Y_GE75,T,MED_E,PPS,AT	25257 
A,Y_GE75,T,MED_E,PPS,BE	18546 
A,Y_GE75,T,MED_E,PPS,BG	8220 
A,Y_GE75,T,MED_E,PPS,CH	21828 
A,Y_GE75,T,MED_E,PPS,CY	14540 
A,Y_GE75,T,MED_E,PPS,CZ	12273 
A,Y_GE75,T,MED_E,PPS,DE	20816 
A,Y_GE75,T,MED_E,PPS,DK	17615 
A,Y_GE75,T,MED_E,PPS,EA20	18735 
A,Y_GE75,T,MED_E,PPS,EE	8882 
A,Y_GE75,T,MED_E,PPS,EL	10305 
A,Y_GE75,T,MED_E,PPS,ES	17663 
A,Y_GE75,T,MED_E,PPS,EU27_2020	17668 
A,Y_GE75,T,MED_E,PPS,FI	17241 
A,Y_GE75,T,MED_E,PPS,FR	20805 
A,Y_GE75,T,MED_E,PPS,HR	9559 b
A,Y_GE75,T,MED_E,PPS,HU	9738 
A,Y_GE75,T,MED_E,PPS,IE	18199 
A,Y_GE75,T,MED_E,PPS,IT	18425 
A,Y_GE75,T,MED_E,PPS,LT	9766 
A,Y_GE75,T,MED_E,PPS,LU	38157 
A,Y_GE75,T,MED_E,PPS,LV	8009 
A,Y_GE75,T,MED_E,PPS,MK	7618 
A,Y_GE75,T,MED_E,PPS,MT	14694 
A,Y_GE75,T,MED_E,PPS,NL	19314 
A,Y_GE75,T,MED_E,PPS,NO	25846 b
A,Y_GE75,T,MED_E,PPS,PL	14679 
A,Y_GE75,T,MED_E,PPS,PT	12176 
A,Y_GE75,T,MED_E,PPS,RO	9741 
A,Y_GE75,T,MED_E,PPS,RS	6627 
A,Y_GE75,T,MED_E,PPS,SE	17051 
A,Y_GE75,T,MED_E,PPS,SI	16848 
A,Y_GE75,T,MED_E,PPS,SK	10526 
A,Y_GE75,T,MED_E,PPS,TR	6279 
A,Y_LT16,T,MED_E,EUR,AT	28132 
A,Y_LT16,T,MED_E,EUR,BE	29329 
A,Y_LT16,T,MED_E,EUR,BG	6176 
A,Y_LT16,T,MED_E,EUR,CH	44701 
A,Y_LT16,T,MED_E,EUR,CY	18450 
A,Y_LT16,T,MED_E,EUR,CZ	13434 
A,Y_LT16,T,MED_E,EUR,DE	24849 
A,Y_LT16,T,MED_E,EUR,DK	34413 
A,Y_LT16,T,MED_E,EUR,EA20	21277 
A,Y_LT16,T,MED_E,EUR,EE	16189 
A,Y_LT16,T,MED_E,EUR,EL	9444 
A,Y_LT16,T,MED_E,EUR,ES	16155 
A,Y_LT16,T,MED_E,EUR,EU27_2020	19260 
A,Y_LT16,T,MED_E,EUR,FI	27094 
A,Y_LT16,T,MED_E,EUR,FR	22378 
A,Y_LT16,T,MED_E,EUR,HR	10109 b
A,Y_LT16,T,MED_E,EUR,HU	7326 
A,Y_LT16,T,MED_E,EUR,IE	27827 
A,Y_LT16,T,MED_E,EUR,IT	17622 
A,Y_LT16,T,MED_E,EUR,LT	11620 
A,Y_LT16,T,MED_E,EUR,LU	43210 
A,Y_LT16,T,MED_E,EUR,LV	12673 
A,Y_LT16,T,MED_E,EUR,MK	3282 
A,Y_LT16,T,MED_E,EUR,MT	16500 
A,Y_LT16,T,MED_E,EUR,NL	29765 
A,Y_LT16,T,MED_E,EUR,NO	39560 b
A,Y_LT16,T,MED_E,EUR,PL	9895 
A,Y_LT16,T,MED_E,EUR,PT	11280 
A,Y_LT16,T,MED_E,EUR,RO	6092 
A,Y_LT16,T,MED_E,EUR,RS	4862 
A,Y_LT16,T,MED_E,EUR,SE	25846 
A,Y_LT16,T,MED_E,EUR,SI	18078 
A,Y_LT16,T,MED_E,EUR,SK	8290 
A,Y_LT16,T,MED_E,EUR,TR	2359 
A,Y_LT16,T,MED_E,NAC,AT	28132 
A,Y_LT16,T,MED_E,NAC,BE	29329 
A,Y_LT16,T,MED_E,NAC,BG	12080 
A,Y_LT16,T,MED_E,NAC,CH	44911 
A,Y_LT16,T,MED_E,NAC,CY	18450 
A,Y_LT16,T,MED_E,NAC,CZ	330029 
A,Y_LT16,T,MED_E,NAC,DE	24849 
A,Y_LT16,T,MED_E,NAC,DK	256015 
A,Y_LT16,T,MED_E,NAC,EE	16189 
A,Y_LT16,T,MED_E,NAC,EL	9444 
A,Y_LT16,T,MED_E,NAC,ES	16155 
A,Y_LT16,T,MED_E,NAC,FI	27094 
A,Y_LT16,T,MED_E,NAC,FR	22378 
A,Y_LT16,T,MED_E,NAC,HR	10109 b
A,Y_LT16,T,MED_E,NAC,HU	2866750 
A,Y_LT16,T,MED_E,NAC,IE	27827 
A,Y_LT16,T,MED_E,NAC,IT	17622 
A,Y_LT16,T,MED_E,NAC,LT	11620 
A,Y_LT16,T,MED_E,NAC,LU	43210 
A,Y_LT16,T,MED_E,NAC,LV	12673 
A,Y_LT16,T,MED_E,NAC,MK	202217 
A,Y_LT16,T,MED_E,NAC,MT	16500 
A,Y_LT16,T,MED_E,NAC,NL	29765 
A,Y_LT16,T,MED_E,NAC,NO	399657 b
A,Y_LT16,T,MED_E,NAC,PL	46369 
A,Y_LT16,T,MED_E,NAC,PT	11280 
A,Y_LT16,T,MED_E,NAC,RO	30040 
A,Y_LT16,T,MED_E,NAC,RS	571129 
A,Y_LT16,T,MED_E,NAC,SE	274733 
A,Y_LT16,T,MED_E,NAC,SI	18078 
A,Y_LT16,T,MED_E,NAC,SK	8290 
A,Y_LT16,T,MED_E,NAC,TR	41071 
A,Y_LT16,T,MED_E,PPS,AT	25669 
A,Y_LT16,T,MED_E,PPS,BE	25422 
A,Y_LT16,T,MED_E,PPS,BG	10562 
A,Y_LT16,T,MED_E,PPS,CH	25598 
A,Y_LT16,T,MED_E,PPS,CY	20052 
A,Y_LT16,T,MED_E,PPS,CZ	15945 
A,Y_LT16,T,MED_E,PPS,DE	22779 
A,Y_LT16,T,MED_E,PPS,DK	23163 
A,Y_LT16,T,MED_E,PPS,EA20	19860 
A,Y_LT16,T,MED_E,PPS,EE	16579 
A,Y_LT16,T,MED_E,PPS,EL	10702 
A,Y_LT16,T,MED_E,PPS,ES	16777 
A,Y_LT16,T,MED_E,PPS,EU27_2020	18806 
A,Y_LT16,T,MED_E,PPS,FI	21492 
A,Y_LT16,T,MED_E,PPS,FR	20246 
A,Y_LT16,T,MED_E,PPS,HR	13759 b
A,Y_LT16,T,MED_E,PPS,HU	10818 
A,Y_LT16,T,MED_E,PPS,IE	19557 
A,Y_LT16,T,MED_E,PPS,IT	17509 
A,Y_LT16,T,MED_E,PPS,LT	14739 
A,Y_LT16,T,MED_E,PPS,LU	31546 
A,Y_LT16,T,MED_E,PPS,LV	14891 
A,Y_LT16,T,MED_E,PPS,MK	6386 
A,Y_LT16,T,MED_E,PPS,MT	18347 
A,Y_LT16,T,MED_E,PPS,NL	25559 
A,Y_LT16,T,MED_E,PPS,NO	27718 b
A,Y_LT16,T,MED_E,PPS,PL	16299 
A,Y_LT16,T,MED_E,PPS,PT	12803 
A,Y_LT16,T,MED_E,PPS,RO	10281 
A,Y_LT16,T,MED_E,PPS,RS	7608 
A,Y_LT16,T,MED_E,PPS,SE	21141 
A,Y_LT16,T,MED_E,PPS,SI	20302 
A,Y_LT16,T,MED_E,PPS,SK	9599 
A,Y_LT16,T,MED_E,PPS,TR	5665 
A,Y_LT18,T,MED_E,EUR,AT	28483 
A,Y_LT18,T,MED_E,EUR,BE	29052 
A,Y_LT18,T,MED_E,EUR,BG	6140 
A,Y_LT18,T,MED_E,EUR,CH	44812 
A,Y_LT18,T,MED_E,EUR,CY	18222 
A,Y_LT18,T,MED_E,EUR,CZ	13362 
A,Y_LT18,T,MED_E,EUR,DE	24836 
A,Y_LT18,T,MED_E,EUR,DK	34413 
A,Y_LT18,T,MED_E,EUR,EA20	21116 
A,Y_LT18,T,MED_E,EUR,EE	16129 
A,Y_LT18,T,MED_E,EUR,EL	9179 
A,Y_LT18,T,MED_E,EUR,ES	16026 
A,Y_LT18,T,MED_E,EUR,EU27_2020	19127 
A,Y_LT18,T,MED_E,EUR,FI	27107 
A,Y_LT18,T,MED_E,EUR,FR	22012 
A,Y_LT18,T,MED_E,EUR,HR	9938 b
A,Y_LT18,T,MED_E,EUR,HU	7285 
A,Y_LT18,T,MED_E,EUR,IE	27827 
A,Y_LT18,T,MED_E,EUR,IT	17561 
A,Y_LT18,T,MED_E,EUR,LT	11610 
A,Y_LT18,T,MED_E,EUR,LU	42685 
A,Y_LT18,T,MED_E,EUR,LV	12189 
A,Y_LT18,T,MED_E,EUR,MK	3249 
A,Y_LT18,T,MED_E,EUR,MT	16557 
A,Y_LT18,T,MED_E,EUR,NL	29483 
A,Y_LT18,T,MED_E,EUR,NO	39641 b
A,Y_LT18,T,MED_E,EUR,PL	9789 
A,Y_LT18,T,MED_E,EUR,PT	11218 
A,Y_LT18,T,MED_E,EUR,RO	6037 
A,Y_LT18,T,MED_E,EUR,RS	4789 
A,Y_LT18,T,MED_E,EUR,SE	25826 
A,Y_LT18,T,MED_E,EUR,SI	18010 
A,Y_LT18,T,MED_E,EUR,SK	8208 
A,Y_LT18,T,MED_E,EUR,TR	2363 
A,Y_LT18,T,MED_E,NAC,AT	28483 
A,Y_LT18,T,MED_E,NAC,BE	29052 
A,Y_LT18,T,MED_E,NAC,BG	12008 
A,Y_LT18,T,MED_E,NAC,CH	45022 
A,Y_LT18,T,MED_E,NAC,CY	18222 
A,Y_LT18,T,MED_E,NAC,CZ	328250 
A,Y_LT18,T,MED_E,NAC,DE	24836 
A,Y_LT18,T,MED_E,NAC,DK	256015 
A,Y_LT18,T,MED_E,NAC,EE	16129 
A,Y_LT18,T,MED_E,NAC,EL	9179 
A,Y_LT18,T,MED_E,NAC,ES	16026 
A,Y_LT18,T,MED_E,NAC,FI	27107 
A,Y_LT18,T,MED_E,NAC,FR	22012 
A,Y_LT18,T,MED_E,NAC,HR	9938 b
A,Y_LT18,T,MED_E,NAC,HU	2850550 
A,Y_LT18,T,MED_E,NAC,IE	27827 
A,Y_LT18,T,MED_E,NAC,IT	17561 
A,Y_LT18,T,MED_E,NAC,LT	11610 
A,Y_LT18,T,MED_E,NAC,LU	42685 
A,Y_LT18,T,MED_E,NAC,LV	12189 
A,Y_LT18,T,MED_E,NAC,MK	200226 
A,Y_LT18,T,MED_E,NAC,MT	16557 
A,Y_LT18,T,MED_E,NAC,NL	29483 
A,Y_LT18,T,MED_E,NAC,NO	400475 b
A,Y_LT18,T,MED_E,NAC,PL	45871 
A,Y_LT18,T,MED_E,NAC,PT	11218 
A,Y_LT18,T,MED_E,NAC,RO	29771 
A,Y_LT18,T,MED_E,NAC,RS	562484 
A,Y_LT18,T,MED_E,NAC,SE	274525 
A,Y_LT18,T,MED_E,NAC,SI	18010 
A,Y_LT18,T,MED_E,NAC,SK	8208 
A,Y_LT18,T,MED_E,NAC,TR	41136 
A,Y_LT18,T,MED_E,PPS,AT	25989 
A,Y_LT18,T,MED_E,PPS,BE	25183 
A,Y_LT18,T,MED_E,PPS,BG	10499 
A,Y_LT18,T,MED_E,PPS,CH	25661 
A,Y_LT18,T,MED_E,PPS,CY	19805 
A,Y_LT18,T,MED_E,PPS,CZ	15859 
A,Y_LT18,T,MED_E,PPS,DE	22768 
A,Y_LT18,T,MED_E,PPS,DK	23163 
A,Y_LT18,T,MED_E,PPS,EA20	19712 
A,Y_LT18,T,MED_E,PPS,EE	16518 
A,Y_LT18,T,MED_E,PPS,EL	10402 
A,Y_LT18,T,MED_E,PPS,ES	16643 
A,Y_LT18,T,MED_E,PPS,EU27_2020	18669 
A,Y_LT18,T,MED_E,PPS,FI	21502 
A,Y_LT18,T,MED_E,PPS,FR	19915 
A,Y_LT18,T,MED_E,PPS,HR	13526 b
A,Y_LT18,T,MED_E,PPS,HU	10757 
A,Y_LT18,T,MED_E,PPS,IE	19557 
A,Y_LT18,T,MED_E,PPS,IT	17448 
A,Y_LT18,T,MED_E,PPS,LT	14726 
A,Y_LT18,T,MED_E,PPS,LU	31162 
A,Y_LT18,T,MED_E,PPS,LV	14322 
A,Y_LT18,T,MED_E,PPS,MK	6323 
A,Y_LT18,T,MED_E,PPS,MT	18410 
A,Y_LT18,T,MED_E,PPS,NL	25317 
A,Y_LT18,T,MED_E,PPS,NO	27774 b
A,Y_LT18,T,MED_E,PPS,PL	16124 
A,Y_LT18,T,MED_E,PPS,PT	12733 
A,Y_LT18,T,MED_E,PPS,RO	10189 
A,Y_LT18,T,MED_E,PPS,RS	7492 
A,Y_LT18,T,MED_E,PPS,SE	21125 
A,Y_LT18,T,MED_E,PPS,SI	20225 
A,Y_LT18,T,MED_E,PPS,SK	9505 
A,Y_LT18,T,MED_E,PPS,TR	5674 
A,Y_LT6,T,MED_E,EUR,AT	27314 
A,Y_LT6,T,MED_E,EUR,BE	30388 
A,Y_LT6,T,MED_E,EUR,BG	6510 
A,Y_LT6,T,MED_E,EUR,CH	42986 
A,Y_LT6,T,MED_E,EUR,CY	18693 
A,Y_LT6,T,MED_E,EUR,CZ	13133 
A,Y_LT6,T,MED_E,EUR,DE	24993 
A,Y_LT6,T,MED_E,EUR,DK	33995 
A,Y_LT6,T,MED_E,EUR,EA20	22074 
A,Y_LT6,T,MED_E,EUR,EE	16725 
A,Y_LT6,T,MED_E,EUR,EL	9524 
A,Y_LT6,T,MED_E,EUR,ES	16621 
A,Y_LT6,T,MED_E,EUR,EU27_2020	20003 
A,Y_LT6,T,MED_E,EUR,FI	26174 
A,Y_LT6,T,MED_E,EUR,FR	23119 
A,Y_LT6,T,MED_E,EUR,HR	10348 b
A,Y_LT6,T,MED_E,EUR,HU	7162 
A,Y_LT6,T,MED_E,EUR,IE	29975 
A,Y_LT6,T,MED_E,EUR,IT	18128 
A,Y_LT6,T,MED_E,EUR,LT	12386 
A,Y_LT6,T,MED_E,EUR,LU	47742 
A,Y_LT6,T,MED_E,EUR,LV	13585 
A,Y_LT6,T,MED_E,EUR,MK	3459 
A,Y_LT6,T,MED_E,EUR,MT	18497 
A,Y_LT6,T,MED_E,EUR,NL	30596 
A,Y_LT6,T,MED_E,EUR,NO	40411 b
A,Y_LT6,T,MED_E,EUR,PL	10321 
A,Y_LT6,T,MED_E,EUR,PT	11229 
A,Y_LT6,T,MED_E,EUR,RO	6630 
A,Y_LT6,T,MED_E,EUR,RS	5329 
A,Y_LT6,T,MED_E,EUR,SE	25151 
A,Y_LT6,T,MED_E,EUR,SI	18080 
A,Y_LT6,T,MED_E,EUR,SK	8351 
A,Y_LT6,T,MED_E,EUR,TR	2434 
A,Y_LT6,T,MED_E,NAC,AT	27314 
A,Y_LT6,T,MED_E,NAC,BE	30388 
A,Y_LT6,T,MED_E,NAC,BG	12732 
A,Y_LT6,T,MED_E,NAC,CH	43188 
A,Y_LT6,T,MED_E,NAC,CY	18693 
A,Y_LT6,T,MED_E,NAC,CZ	322627 
A,Y_LT6,T,MED_E,NAC,DE	24993 
A,Y_LT6,T,MED_E,NAC,DK	252911 
A,Y_LT6,T,MED_E,NAC,EE	16725 
A,Y_LT6,T,MED_E,NAC,EL	9524 
A,Y_LT6,T,MED_E,NAC,ES	16621 
A,Y_LT6,T,MED_E,NAC,FI	26174 
A,Y_LT6,T,MED_E,NAC,FR	23119 
A,Y_LT6,T,MED_E,NAC,HR	10348 b
A,Y_LT6,T,MED_E,NAC,HU	2802230 
A,Y_LT6,T,MED_E,NAC,IE	29975 
A,Y_LT6,T,MED_E,NAC,IT	18128 
A,Y_LT6,T,MED_E,NAC,LT	12386 
A,Y_LT6,T,MED_E,NAC,LU	47742 
A,Y_LT6,T,MED_E,NAC,LV	13585 
A,Y_LT6,T,MED_E,NAC,MK	213169 
A,Y_LT6,T,MED_E,NAC,MT	18497 
A,Y_LT6,T,MED_E,NAC,NL	30596 
A,Y_LT6,T,MED_E,NAC,NO	408251 b
A,Y_LT6,T,MED_E,NAC,PL	48363 
A,Y_LT6,T,MED_E,NAC,PT	11229 
A,Y_LT6,T,MED_E,NAC,RO	32697 
A,Y_LT6,T,MED_E,NAC,RS	625913 
A,Y_LT6,T,MED_E,NAC,SE	267346 
A,Y_LT6,T,MED_E,NAC,SI	18080 
A,Y_LT6,T,MED_E,NAC,SK	8351 
A,Y_LT6,T,MED_E,NAC,TR	42381 
A,Y_LT6,T,MED_E,PPS,AT	24922 
A,Y_LT6,T,MED_E,PPS,BE	26341 
A,Y_LT6,T,MED_E,PPS,BG	11132 
A,Y_LT6,T,MED_E,PPS,CH	24616 
A,Y_LT6,T,MED_E,PPS,CY	20317 
A,Y_LT6,T,MED_E,PPS,CZ	15587 
A,Y_LT6,T,MED_E,PPS,DE	22912 
A,Y_LT6,T,MED_E,PPS,DK	22882 
A,Y_LT6,T,MED_E,PPS,EA20	20536 
A,Y_LT6,T,MED_E,PPS,EE	17128 
A,Y_LT6,T,MED_E,PPS,EL	10792 
A,Y_LT6,T,MED_E,PPS,ES	17261 
A,Y_LT6,T,MED_E,PPS,EU27_2020	19472 
A,Y_LT6,T,MED_E,PPS,FI	20762 
A,Y_LT6,T,MED_E,PPS,FR	20917 
A,Y_LT6,T,MED_E,PPS,HR	14085 b
A,Y_LT6,T,MED_E,PPS,HU	10574 
A,Y_LT6,T,MED_E,PPS,IE	21066 
A,Y_LT6,T,MED_E,PPS,IT	18012 
A,Y_LT6,T,MED_E,PPS,LT	15710 
A,Y_LT6,T,MED_E,PPS,LU	34854 
A,Y_LT6,T,MED_E,PPS,LV	15963 
A,Y_LT6,T,MED_E,PPS,MK	6732 
A,Y_LT6,T,MED_E,PPS,MT	20568 
A,Y_LT6,T,MED_E,PPS,NL	26272 
A,Y_LT6,T,MED_E,PPS,NO	28314 b
A,Y_LT6,T,MED_E,PPS,PL	17000 
A,Y_LT6,T,MED_E,PPS,PT	12746 
A,Y_LT6,T,MED_E,PPS,RO	11190 
A,Y_LT6,T,MED_E,PPS,RS	8337 
A,Y_LT6,T,MED_E,PPS,SE	20573 
A,Y_LT6,T,MED_E,PPS,SI	20304 
A,Y_LT6,T,MED_E,PPS,SK	9670 
A,Y_LT6,T,MED_E,PPS,TR	5846 
A,Y_LT60,T,MED_E,EUR,AT	32043 
A,Y_LT60,T,MED_E,EUR,BE	30544 
A,Y_LT60,T,MED_E,EUR,BG	6990 
A,Y_LT60,T,MED_E,EUR,CH	51419 
A,Y_LT60,T,MED_E,EUR,CY	19982 
A,Y_LT60,T,MED_E,EUR,CZ	14578 
A,Y_LT60,T,MED_E,EUR,DE	27261 
A,Y_LT60,T,MED_E,EUR,DK	35409 
A,Y_LT60,T,MED_E,EUR,EA20	23019 
A,Y_LT60,T,MED_E,EUR,EE	16935 
A,Y_LT60,T,MED_E,EUR,EL	10113 
A,Y_LT60,T,MED_E,EUR,ES	18089 
A,Y_LT60,T,MED_E,EUR,EU27_2020	20775 
A,Y_LT60,T,MED_E,EUR,FI	28733 
A,Y_LT60,T,MED_E,EUR,FR	24504 
A,Y_LT60,T,MED_E,EUR,HR	10689 b
A,Y_LT60,T,MED_E,EUR,HU	7475 
A,Y_LT60,T,MED_E,EUR,IE	30983 
A,Y_LT60,T,MED_E,EUR,IT	19638 
A,Y_LT60,T,MED_E,EUR,LT	12481 
A,Y_LT60,T,MED_E,EUR,LU	46475 
A,Y_LT60,T,MED_E,EUR,LV	12538 
A,Y_LT60,T,MED_E,EUR,MK	3895 
A,Y_LT60,T,MED_E,EUR,MT	20643 
A,Y_LT60,T,MED_E,EUR,NL	31052 
A,Y_LT60,T,MED_E,EUR,NO	42189 b
A,Y_LT60,T,MED_E,EUR,PL	10316 
A,Y_LT60,T,MED_E,EUR,PT	11999 
A,Y_LT60,T,MED_E,EUR,RO	6679 
A,Y_LT60,T,MED_E,EUR,RS	5160 
A,Y_LT60,T,MED_E,EUR,SE	28007 
A,Y_LT60,T,MED_E,EUR,SI	18728 
A,Y_LT60,T,MED_E,EUR,SK	9192 
A,Y_LT60,T,MED_E,EUR,TR	2956 
A,Y_LT60,T,MED_E,NAC,AT	32043 
A,Y_LT60,T,MED_E,NAC,BE	30544 
A,Y_LT60,T,MED_E,NAC,BG	13670 
A,Y_LT60,T,MED_E,NAC,CH	51660 
A,Y_LT60,T,MED_E,NAC,CY	19982 
A,Y_LT60,T,MED_E,NAC,CZ	358124 
A,Y_LT60,T,MED_E,NAC,DE	27261 
A,Y_LT60,T,MED_E,NAC,DK	263430 
A,Y_LT60,T,MED_E,NAC,EE	16935 
A,Y_LT60,T,MED_E,NAC,EL	10113 
A,Y_LT60,T,MED_E,NAC,ES	18089 
A,Y_LT60,T,MED_E,NAC,FI	28733 
A,Y_LT60,T,MED_E,NAC,FR	24504 
A,Y_LT60,T,MED_E,NAC,HR	10689 b
A,Y_LT60,T,MED_E,NAC,HU	2924846 
A,Y_LT60,T,MED_E,NAC,IE	30983 
A,Y_LT60,T,MED_E,NAC,IT	19638 
A,Y_LT60,T,MED_E,NAC,LT	12481 
A,Y_LT60,T,MED_E,NAC,LU	46475 
A,Y_LT60,T,MED_E,NAC,LV	12538 
A,Y_LT60,T,MED_E,NAC,MK	240000 
A,Y_LT60,T,MED_E,NAC,MT	20643 
A,Y_LT60,T,MED_E,NAC,NL	31052 
A,Y_LT60,T,MED_E,NAC,NO	426223 b
A,Y_LT60,T,MED_E,NAC,PL	48342 
A,Y_LT60,T,MED_E,NAC,PT	11999 
A,Y_LT60,T,MED_E,NAC,RO	32934 
A,Y_LT60,T,MED_E,NAC,RS	606067 
A,Y_LT60,T,MED_E,NAC,SE	297698 
A,Y_LT60,T,MED_E,NAC,SI	18728 
A,Y_LT60,T,MED_E,NAC,SK	9192 
A,Y_LT60,T,MED_E,NAC,TR	51454 
A,Y_LT60,T,MED_E,PPS,AT	29237 
A,Y_LT60,T,MED_E,PPS,BE	26476 
A,Y_LT60,T,MED_E,PPS,BG	11952 
A,Y_LT60,T,MED_E,PPS,CH	29445 
A,Y_LT60,T,MED_E,PPS,CY	21717 
A,Y_LT60,T,MED_E,PPS,CZ	17302 
A,Y_LT60,T,MED_E,PPS,DE	24990 
A,Y_LT60,T,MED_E,PPS,DK	23834 
A,Y_LT60,T,MED_E,PPS,EA20	21596 
A,Y_LT60,T,MED_E,PPS,EE	17343 
A,Y_LT60,T,MED_E,PPS,EL	11461 
A,Y_LT60,T,MED_E,PPS,ES	18786 
A,Y_LT60,T,MED_E,PPS,EU27_2020	20362 
A,Y_LT60,T,MED_E,PPS,FI	22792 
A,Y_LT60,T,MED_E,PPS,FR	22170 
A,Y_LT60,T,MED_E,PPS,HR	14548 b
A,Y_LT60,T,MED_E,PPS,HU	11037 
A,Y_LT60,T,MED_E,PPS,IE	21775 
A,Y_LT60,T,MED_E,PPS,IT	19512 
A,Y_LT60,T,MED_E,PPS,LT	15831 
A,Y_LT60,T,MED_E,PPS,LU	33929 
A,Y_LT60,T,MED_E,PPS,LV	14733 
A,Y_LT60,T,MED_E,PPS,MK	7579 
A,Y_LT60,T,MED_E,PPS,MT	22953 
A,Y_LT60,T,MED_E,PPS,NL	26665 
A,Y_LT60,T,MED_E,PPS,NO	29560 b
A,Y_LT60,T,MED_E,PPS,PL	16993 
A,Y_LT60,T,MED_E,PPS,PT	13620 
A,Y_LT60,T,MED_E,PPS,RO	11271 
A,Y_LT60,T,MED_E,PPS,RS	8073 
A,Y_LT60,T,MED_E,PPS,SE	22908 
A,Y_LT60,T,MED_E,PPS,SI	21032 
A,Y_LT60,T,MED_E,PPS,SK	10644 
A,Y_LT60,T,MED_E,PPS,TR	7097 
A,Y_LT65,T,MED_E,EUR,AT	32170 
A,Y_LT65,T,MED_E,EUR,BE	30521 
A,Y_LT65,T,MED_E,EUR,BG	7026 
A,Y_LT65,T,MED_E,EUR,CH	51419 
A,Y_LT65,T,MED_E,EUR,CY	19908 
A,Y_LT65,T,MED_E,EUR,CZ	14574 
A,Y_LT65,T,MED_E,EUR,DE	27293 
A,Y_LT65,T,MED_E,EUR,DK	35766 
A,Y_LT65,T,MED_E,EUR,EA20	23114 
A,Y_LT65,T,MED_E,EUR,EE	16778 
A,Y_LT65,T,MED_E,EUR,EL	10194 
A,Y_LT65,T,MED_E,EUR,ES	18253 
A,Y_LT65,T,MED_E,EUR,EU27_2020	20865 
A,Y_LT65,T,MED_E,EUR,FI	28856 
A,Y_LT65,T,MED_E,EUR,FR	24580 
A,Y_LT65,T,MED_E,EUR,HR	10605 b
A,Y_LT65,T,MED_E,EUR,HU	7466 
A,Y_LT65,T,MED_E,EUR,IE	31098 
A,Y_LT65,T,MED_E,EUR,IT	19907 
A,Y_LT65,T,MED_E,EUR,LT	12436 
A,Y_LT65,T,MED_E,EUR,LU	46933 
A,Y_LT65,T,MED_E,EUR,LV	12236 
A,Y_LT65,T,MED_E,EUR,MK	3897 
A,Y_LT65,T,MED_E,EUR,MT	20476 
A,Y_LT65,T,MED_E,EUR,NL	31076 
A,Y_LT65,T,MED_E,EUR,NO	42647 b
A,Y_LT65,T,MED_E,EUR,PL	10305 
A,Y_LT65,T,MED_E,EUR,PT	12025 
A,Y_LT65,T,MED_E,EUR,RO	6673 
A,Y_LT65,T,MED_E,EUR,RS	5122 
A,Y_LT65,T,MED_E,EUR,SE	28264 
A,Y_LT65,T,MED_E,EUR,SI	18641 
A,Y_LT65,T,MED_E,EUR,SK	9214 
A,Y_LT65,T,MED_E,EUR,TR	2973 
A,Y_LT65,T,MED_E,NAC,AT	32170 
A,Y_LT65,T,MED_E,NAC,BE	30521 
A,Y_LT65,T,MED_E,NAC,BG	13742 
A,Y_LT65,T,MED_E,NAC,CH	51660 
A,Y_LT65,T,MED_E,NAC,CY	19908 
A,Y_LT65,T,MED_E,NAC,CZ	358022 
A,Y_LT65,T,MED_E,NAC,DE	27293 
A,Y_LT65,T,MED_E,NAC,DK	266088 
A,Y_LT65,T,MED_E,NAC,EE	16778 
A,Y_LT65,T,MED_E,NAC,EL	10194 
A,Y_LT65,T,MED_E,NAC,ES	18253 
A,Y_LT65,T,MED_E,NAC,FI	28856 
A,Y_LT65,T,MED_E,NAC,FR	24580 
A,Y_LT65,T,MED_E,NAC,HR	10605 b
A,Y_LT65,T,MED_E,NAC,HU	2921474 
A,Y_LT65,T,MED_E,NAC,IE	31098 
A,Y_LT65,T,MED_E,NAC,IT	19907 
A,Y_LT65,T,MED_E,NAC,LT	12436 
A,Y_LT65,T,MED_E,NAC,LU	46933 
A,Y_LT65,T,MED_E,NAC,LV	12236 
A,Y_LT65,T,MED_E,NAC,MK	240160 
A,Y_LT65,T,MED_E,NAC,MT	20476 
A,Y_LT65,T,MED_E,NAC,NL	31076 
A,Y_LT65,T,MED_E,NAC,NO	430850 b
A,Y_LT65,T,MED_E,NAC,PL	48292 
A,Y_LT65,T,MED_E,NAC,PT	12025 
A,Y_LT65,T,MED_E,NAC,RO	32909 
A,Y_LT65,T,MED_E,NAC,RS	601656 
A,Y_LT65,T,MED_E,NAC,SE	300430 
A,Y_LT65,T,MED_E,NAC,SI	18641 
A,Y_LT65,T,MED_E,NAC,SK	9214 
A,Y_LT65,T,MED_E,NAC,TR	51760 
A,Y_LT65,T,MED_E,PPS,AT	29354 
A,Y_LT65,T,MED_E,PPS,BE	26456 
A,Y_LT65,T,MED_E,PPS,BG	12015 
A,Y_LT65,T,MED_E,PPS,CH	29445 
A,Y_LT65,T,MED_E,PPS,CY	21637 
A,Y_LT65,T,MED_E,PPS,CZ	17297 
A,Y_LT65,T,MED_E,PPS,DE	25020 
A,Y_LT65,T,MED_E,PPS,DK	24074 
A,Y_LT65,T,MED_E,PPS,EA20	21693 
A,Y_LT65,T,MED_E,PPS,EE	17182 
A,Y_LT65,T,MED_E,PPS,EL	11552 
A,Y_LT65,T,MED_E,PPS,ES	18956 
A,Y_LT65,T,MED_E,PPS,EU27_2020	20448 
A,Y_LT65,T,MED_E,PPS,FI	22889 
A,Y_LT65,T,MED_E,PPS,FR	22239 
A,Y_LT65,T,MED_E,PPS,HR	14435 b
A,Y_LT65,T,MED_E,PPS,HU	11024 
A,Y_LT65,T,MED_E,PPS,IE	21856 
A,Y_LT65,T,MED_E,PPS,IT	19779 
A,Y_LT65,T,MED_E,PPS,LT	15774 
A,Y_LT65,T,MED_E,PPS,LU	34264 
A,Y_LT65,T,MED_E,PPS,LV	14378 
A,Y_LT65,T,MED_E,PPS,MK	7584 
A,Y_LT65,T,MED_E,PPS,MT	22768 
A,Y_LT65,T,MED_E,PPS,NL	26685 
A,Y_LT65,T,MED_E,PPS,NO	29881 b
A,Y_LT65,T,MED_E,PPS,PL	16975 
A,Y_LT65,T,MED_E,PPS,PT	13649 
A,Y_LT65,T,MED_E,PPS,RO	11263 
A,Y_LT65,T,MED_E,PPS,RS	8014 
A,Y_LT65,T,MED_E,PPS,SE	23119 
A,Y_LT65,T,MED_E,PPS,SI	20933 
A,Y_LT65,T,MED_E,PPS,SK	10670 
A,Y_LT65,T,MED_E,PPS,TR	7140 
A,Y_LT75,T,MED_E,EUR,AT	31806 
A,Y_LT75,T,MED_E,EUR,BE	29778 
A,Y_LT75,T,MED_E,EUR,BG	6803 
A,Y_LT75,T,MED_E,EUR,CH	50445 
A,Y_LT75,T,MED_E,EUR,CY	19565 
A,Y_LT75,T,MED_E,EUR,CZ	14088 
A,Y_LT75,T,MED_E,EUR,DE	26761 
A,Y_LT75,T,MED_E,EUR,DK	35065 
A,Y_LT75,T,MED_E,EUR,EA20	22870 
A,Y_LT75,T,MED_E,EUR,EE	16002 
A,Y_LT75,T,MED_E,EUR,EL	10204 
A,Y_LT75,T,MED_E,EUR,ES	18484 
A,Y_LT75,T,MED_E,EUR,EU27_2020	20600 
A,Y_LT75,T,MED_E,EUR,FI	28171 
A,Y_LT75,T,MED_E,EUR,FR	24365 
A,Y_LT75,T,MED_E,EUR,HR	10199 b
A,Y_LT75,T,MED_E,EUR,HU	7439 
A,Y_LT75,T,MED_E,EUR,IE	31022 
A,Y_LT75,T,MED_E,EUR,IT	20075 
A,Y_LT75,T,MED_E,EUR,LT	11793 
A,Y_LT75,T,MED_E,EUR,LU	47585 
A,Y_LT75,T,MED_E,EUR,LV	11802 
A,Y_LT75,T,MED_E,EUR,MK	3908 
A,Y_LT75,T,MED_E,EUR,MT	19550 
A,Y_LT75,T,MED_E,EUR,NL	30223 
A,Y_LT75,T,MED_E,EUR,NO	42592 b
A,Y_LT75,T,MED_E,EUR,PL	10158 
A,Y_LT75,T,MED_E,EUR,PT	11999 
A,Y_LT75,T,MED_E,EUR,RO	6631 
A,Y_LT75,T,MED_E,EUR,RS	5044 
A,Y_LT75,T,MED_E,EUR,SE	28145 
A,Y_LT75,T,MED_E,EUR,SI	18285 
A,Y_LT75,T,MED_E,EUR,SK	9228 
A,Y_LT75,T,MED_E,EUR,TR	2972 
A,Y_LT75,T,MED_E,NAC,AT	31806 
A,Y_LT75,T,MED_E,NAC,BE	29778 
A,Y_LT75,T,MED_E,NAC,BG	13306 
A,Y_LT75,T,MED_E,NAC,CH	50682 
A,Y_LT75,T,MED_E,NAC,CY	19565 
A,Y_LT75,T,MED_E,NAC,CZ	346097 
A,Y_LT75,T,MED_E,NAC,DE	26761 
A,Y_LT75,T,MED_E,NAC,DK	260866 
A,Y_LT75,T,MED_E,NAC,EE	16002 
A,Y_LT75,T,MED_E,NAC,EL	10204 
A,Y_LT75,T,MED_E,NAC,ES	18484 
A,Y_LT75,T,MED_E,NAC,FI	28171 
A,Y_LT75,T,MED_E,NAC,FR	24365 
A,Y_LT75,T,MED_E,NAC,HR	10199 b
A,Y_LT75,T,MED_E,NAC,HU	2910962 
A,Y_LT75,T,MED_E,NAC,IE	31022 
A,Y_LT75,T,MED_E,NAC,IT	20075 
A,Y_LT75,T,MED_E,NAC,LT	11793 
A,Y_LT75,T,MED_E,NAC,LU	47585 
A,Y_LT75,T,MED_E,NAC,LV	11802 
A,Y_LT75,T,MED_E,NAC,MK	240800 
A,Y_LT75,T,MED_E,NAC,MT	19550 
A,Y_LT75,T,MED_E,NAC,NL	30223 
A,Y_LT75,T,MED_E,NAC,NO	430293 b
A,Y_LT75,T,MED_E,NAC,PL	47603 
A,Y_LT75,T,MED_E,NAC,PT	11999 
A,Y_LT75,T,MED_E,NAC,RO	32700 
A,Y_LT75,T,MED_E,NAC,RS	592480 
A,Y_LT75,T,MED_E,NAC,SE	299166 
A,Y_LT75,T,MED_E,NAC,SI	18285 
A,Y_LT75,T,MED_E,NAC,SK	9228 
A,Y_LT75,T,MED_E,NAC,TR	51745 
A,Y_LT75,T,MED_E,PPS,AT	29021 
A,Y_LT75,T,MED_E,PPS,BE	25812 
A,Y_LT75,T,MED_E,PPS,BG	11634 
A,Y_LT75,T,MED_E,PPS,CH	28887 
A,Y_LT75,T,MED_E,PPS,CY	21264 
A,Y_LT75,T,MED_E,PPS,CZ	16721 
A,Y_LT75,T,MED_E,PPS,DE	24532 
A,Y_LT75,T,MED_E,PPS,DK	23602 
A,Y_LT75,T,MED_E,PPS,EA20	21482 
A,Y_LT75,T,MED_E,PPS,EE	16388 
A,Y_LT75,T,MED_E,PPS,EL	11563 
A,Y_LT75,T,MED_E,PPS,ES	19195 
A,Y_LT75,T,MED_E,PPS,EU27_2020	20214 
A,Y_LT75,T,MED_E,PPS,FI	22346 
A,Y_LT75,T,MED_E,PPS,FR	22044 
A,Y_LT75,T,MED_E,PPS,HR	13881 b
A,Y_LT75,T,MED_E,PPS,HU	10985 
A,Y_LT75,T,MED_E,PPS,IE	21803 
A,Y_LT75,T,MED_E,PPS,IT	19946 
A,Y_LT75,T,MED_E,PPS,LT	14959 
A,Y_LT75,T,MED_E,PPS,LU	34740 
A,Y_LT75,T,MED_E,PPS,LV	13868 
A,Y_LT75,T,MED_E,PPS,MK	7604 
A,Y_LT75,T,MED_E,PPS,MT	21738 
A,Y_LT75,T,MED_E,PPS,NL	25953 
A,Y_LT75,T,MED_E,PPS,NO	29842 b
A,Y_LT75,T,MED_E,PPS,PL	16733 
A,Y_LT75,T,MED_E,PPS,PT	13620 
A,Y_LT75,T,MED_E,PPS,RO	11191 
A,Y_LT75,T,MED_E,PPS,RS	7892 
A,Y_LT75,T,MED_E,PPS,SE	23021 
A,Y_LT75,T,MED_E,PPS,SI	20534 
A,Y_LT75,T,MED_E,PPS,SK	10686 
A,Y_LT75,T,MED_E,PPS,TR	7137 
